{"class_name": "Tokenizer", "config": {"num_words": 150, "filters": null, "lower": false, "split": " ", "char_level": false, "oov_token": "<OOV>", "document_count": 17544729, "word_counts": "{\"M\": 82762, \"\\u00fc\": 210123, \"z\": 152366, \"i\": 1062708, \"k\": 513310, \" \": 2970016, \"\\u015e\": 11131, \"e\": 1169698, \"n\": 968021, \"l\": 827493, \"\\u011f\": 110283, \"'\": 320684, \"h\": 130640, \"a\": 1475125, \"\\u0131\": 548053, \"r\": 896712, \"P\": 33142, \"O\": 18856, \"Z\": 5568, \"\\u0130\": 68879, \"T\": 51626, \"F\": 31610, \"v\": 138483, \"A\": 87773, \"\\u00e7\": 109775, \"R\": 64640, \"d\": 511711, \"y\": 385050, \"o\": 389176, \"\\u015f\": 173380, \"b\": 218543, \"c\": 127371, \"s\": 423072, \"t\": 472483, \"u\": 398038, \"2\": 33992, \",\": 125724, \"m\": 387179, \"g\": 152410, \"p\": 111957, \"H\": 33986, \"\\u00f6\": 88779, \"C\": 33921, \"D\": 82410, \"G\": 32131, \"f\": 64208, \"K\": 58525, \"S\": 62516, \"B\": 84583, \"\\\"\": 29545, \"j\": 9615, \"E\": 103256, \"0\": 45618, \"1\": 53001, \"9\": 29521, \"7\": 12941, \"V\": 12286, \"N\": 97040, \"w\": 10927, \"W\": 9285, \"L\": 66726, \"Y\": 63602, \"/\": 4648, \"\\u00d6\": 44790, \"I\": 13634, \"U\": 9692, \"J\": 13703, \"8\": 15924, \".\": 107873, \"-\": 42456, \";\": 2907, \"x\": 4261, \"Q\": 744, \"6\": 13411, \":\": 19657, \"\\u00dc\": 6770, \"&\": 396, \"\\u00c7\": 10445, \"5\": 16012, \"3\": 16986, \"(\": 38025, \")\": 37068, \"4\": 14337, \"\\u011e\": 416, \"q\": 1224, \"@\": 22, \"`\": 10674, \"%\": 429, \"X\": 1070, \"$\": 101, \"=\": 4129, \"\\u00c4\": 4, \"\\u00b0\": 45, \"+\": 443, \"\\u00c3\": 20, \"\\u0153\": 15, \"\\u00a2\": 17, \"#\": 11, \"!\": 492, \"?\": 309, \"\\u00c2\": 92, \"[\": 1007, \"]\": 2645, \"\\ud83d\\ude33\": 1, \"\\ud83d\\ude02\": 1, \"\\u00ee\": 3117, \"\\u00e9\": 2662, \"\\u0107\": 713, \"*\": 8186, \"\\u010d\": 153, \"\\u00e1\": 1413, \"\\u011b\": 19, \"\\u0161\": 310, \"|\": 411, \"\\u00ed\": 939, \"\\u00f5\": 28, \"\\u00e2\": 2579, \"\\u00f2\": 18, \"\\u00f3\": 846, \"\\u0106\": 5, \"\\u03bb\": 52, \"\\u00c9\": 229, \"\\u2192\": 198, \"\\u00e3\": 318, \"\\u012b\": 38, \"\\u00f8\": 101, \"\\u00d7\": 68, \"\\u20ac\": 38, \"\\u00eb\": 175, \"\\u0141\": 9, \"\\u00f1\": 188, \"\\u2021\": 170, \"\\u00c5\": 28, \"\\u00fb\": 393, \"\\u00da\": 19, \"\\u00f4\": 104, \"\\uae40\": 3, \"\\uc601\": 2, \"\\uc0bc\": 2, \"\\u91d1\": 3, \"\\u6cf3\": 2, \"\\u4e09\": 3, \"\\u00e8\": 309, \"\\u00fd\": 39, \"\\u00ce\": 6, \"\\u016b\": 66, \"\\u0160\": 96, \"\\u0633\": 52, \"\\u0627\": 212, \"\\u0645\": 120, \"\\u064e\": 17, \"\\u0631\": 93, \"\\u0621\": 10, \"\\u2020\": 251, \"\\u0643\": 19, \"\\u0628\": 70, \"\\u0644\": 143, \"\\u062a\": 31, \"\\u064a\": 106, \"\\u0148\": 11, \"\\u0219\": 95, \"\\u0103\": 74, \"\\u00e4\": 360, \"_\": 121, \"\\u0101\": 79, \"\\u2022\": 133, \"\\u00ea\": 68, \"^\": 54, \"\\u00e0\": 164, \"\\u00fa\": 186, \"\\u00f0\": 27, \"\\u00b2\": 146, \"\\u010c\": 78, \"\\u021b\": 40, \"\\u064f\": 28, \"\\u062d\": 48, \"\\u0641\": 31, \"\\u0638\": 15, \"\\u0629\": 79, \"\\u0642\": 32, \"\\u00df\": 60, \"\\u00c1\": 88, \"\\u00d0\": 4, \"\\u1ee9\": 5, \"\\u1ecd\": 4, \"\\u00cd\": 30, \"\\u0395\": 9, \"\\u03c5\": 35, \"\\u03b4\": 26, \"\\u03bf\": 125, \"\\u03ba\": 38, \"\\u03af\": 44, \"\\u03b1\": 110, \"\\u0391\": 28, \"\\u03b3\": 32, \"\\u03b5\": 37, \"\\u03bd\": 120, \"\\u041a\": 28, \"\\u0430\": 200, \"\\u0431\": 27, \"\\u0440\": 118, \"\\u0434\": 38, \"\\u0438\": 147, \"\\u043d\": 121, \"\\u0446\": 10, \"\\u044b\": 26, \"\\u0142\": 83, \"\\u0151\": 56, \"\\u0636\": 7, \"\\u0623\": 9, \"\\u30a2\": 5, \"\\u30c9\": 5, \"\\u30eb\": 11, \"\\u30d5\": 5, \"\\uff65\": 6, \"\\u30a4\": 4, \"\\u30d2\": 4, \"\\u30de\": 4, \"\\u30f3\": 6, \"\\u0648\": 67, \"\\u0649\": 8, \"\\u043e\": 156, \"\\u041c\": 15, \"\\u0301\": 35, \"\\u043b\": 85, \"\\u0439\": 29, \"\\u041b\": 6, \"\\u044f\": 19, \"\\u0445\": 12, \"\\u0432\": 58, \"\\u0441\": 69, \"\\u043a\": 86, \"\\u0163\": 27, \"\\u0144\": 60, \"\\u76ae\": 2, \"\\u5c71\": 3, \"\\u53bf\": 76, \"\\u0121\": 3, \"\\u063a\": 7, \"\\u0646\": 72, \"\\u017d\": 34, \"\\u017e\": 86, \"\\u0117\": 23, \"\\u0259\": 40, \"\\u00b9\": 5, \"\\u00d3\": 23, \"\\u03b9\": 52, \"\\u03cc\": 29, \"\\u03c2\": 87, \"\\u039a\": 33, \"\\u03c1\": 49, \"\\u03ae\": 20, \"\\u03c4\": 63, \"\\u03b7\": 29, \"\\u8f6e\": 2, \"\\u53f0\": 3, \"\\u0435\": 162, \"\\u0456\": 5, \"\\u0447\": 12, \"\\u0443\": 36, \"\\u00e5\": 65, \"\\u739b\": 2, \"\\u7eb3\": 2, \"\\u65af\": 3, \"\\u01ce\": 19, \"\\u00a7\": 27, \"\\u12f5\": 2, \"\\u122c\": 2, \"\\u12f3\": 2, \"\\u12cb\": 3, \"\\u0113\": 19, \"\\u1e5b\": 2, \"\\u014d\": 103, \"\\u0531\": 2, \"\\u0580\": 10, \"\\u0561\": 18, \"\\u0563\": 4, \"\\u056e\": 2, \"\\u0578\": 11, \"\\u057f\": 3, \"\\u0576\": 10, \"\\u056b\": 6, \"\\u0119\": 7, \"\\u9ad8\": 2, \"\\u660c\": 3, \"\\u56de\": 4, \"\\u9dbb\": 2, \"\\u0412\": 13, \"\\u045e\": 2, \"\\u0421\": 34, \"\\u0442\": 102, \"\\u0411\": 17, \"\\u0420\": 17, \"\\u00ef\": 20, \"\\u6c11\": 3, \"\\u4e30\": 2, \"\\u062e\": 19, \"\\u03ad\": 18, \"\\u03be\": 11, \"\\u0393\": 10, \"\\u0386\": 6, \"\\u1ec5\": 10, \">\": 32, \"\\u00e6\": 27, \"\\u5df4\": 5, \"\\u695a\": 2, \"\\u01d4\": 10, \"\\u038a\": 2, \"\\u03c9\": 26, \"\\u03ac\": 26, \"\\u6fdf\": 3, \"\\u5be7\": 2, \"\\u5e02\": 53, \"\\u6d4e\": 2, \"\\u5b81\": 3, \"\\u00ec\": 67, \"\\u0394\": 9, \"\\u039c\": 13, \"\\u00d8\": 11, \"\\u0392\": 15, \"\\u03c3\": 41, \"\\u6728\": 6, \"\\u5792\": 2, \"\\u54c8\": 5, \"\\u8428\": 5, \"\\u514b\": 12, \"\\u81ea\": 31, \"\\u6cbb\": 31, \"\\u00f9\": 26, \"\\u0639\": 35, \"\\u062f\": 66, \"\\u03bc\": 30, \"\\u01b0\": 5, \"\\u01a1\": 4, \"\\u043c\": 28, \"\\u05d0\": 7, \"\\u05d9\": 42, \"\\u05dc\": 30, \"\\u05ea\": 6, \"\\u00de\": 3, \"\\u758f\": 5, \"\\u52d2\": 5, \"\\u0410\": 23, \"\\u043f\": 19, \"\\u00ff\": 9, \"\\u8fd1\": 2, \"\\u85e4\": 2, \"\\u52c7\": 2, \"\\u68d7\": 3, \"\\u614e\": 2, \"\\u015a\": 7, \"\\u03c7\": 4, \"\\u03a3\": 8, \"\\u03c0\": 15, \"\\uac1c\": 5, \"\\uc131\": 6, \"\\uacf5\": 2, \"\\uc5c5\": 2, \"\\uc9c0\": 2, \"\\uad6c\": 2, \"\\u041f\": 21, \"\\u0634\": 25, \"\\ub178\": 3, \"\\ubb34\": 3, \"\\ud604\": 3, \"\\u76e7\": 3, \"\\u6b66\": 4, \"\\u9249\": 3, \"\\u1e57\": 4, \"\\u04a7\": 2, \"\\u062c\": 17, \"\\u0647\": 27, \"\\u0433\": 38, \"\\u767d\": 3, \"\\u78b1\": 2, \"\\u6ee9\": 2, \"\\u533a\": 29, \"\\u10d8\": 9, \"\\u10db\": 3, \"\\u10d4\": 7, \"\\u10e0\": 9, \"\\u10e3\": 7, \"\\u10da\": 4, \"\\ud574\": 2, \"\\uc8fc\": 3, \"\\uc2dc\": 18, \"\\u0110\": 21, \"\\u0625\": 8, \"\\u041d\": 11, \"\\u014c\": 6, \"\\u0632\": 16, \"\\u0399\": 9, \"\\u2609\": 4, \"\\u02bf\": 9, \"\\u1e25\": 4, \"\\u6771\": 6, \"\\u6d77\": 14, \"\\u65c5\": 4, \"\\u5ba2\": 4, \"\\u9244\": 5, \"\\u9053\": 7, \"\\u05de\": 14, \"\\u05dd\": 13, \"\\u049a\": 3, \"\\u0437\": 26, \"\\u049b\": 5, \"\\u0493\": 4, \"\\u05e8\": 14, \"\\u05e4\": 4, \"\\u05d7\": 4, \"\\u0712\": 3, \"\\u0713\": 2, \"\\u0715\": 5, \"\\u0710\": 5, \"\\u0448\": 14, \"\\u6258\": 3, \"\\u91cc\": 4, \"\\u01d0\": 5, \"\\u05d6\": 4, \"\\u05da\": 2, \"\\u05e9\": 8, \"\\u0414\": 13, \"\\u0436\": 4, \"\\u013d\": 5, \"\\u05e7\": 4, \"\\u05d1\": 10, \"\\u05d5\": 8, \"\\u0409\": 2, \"\\u0458\": 8, \"\\u7279\": 5, \"\\u522b\": 4, \"\\u884c\": 4, \"\\u653f\": 4, \"\\u6f4d\": 2, \"\\u574a\": 2, \"\\u064d\": 2, \"\\u0650\": 6, \"\\u05b8\": 2, \"\\u05e6\": 2, \"\\u05f2\": 2, \"\\u05b7\": 2, \"\\u05d8\": 2, \"\\u0637\": 11, \"\\u0422\": 7, \"\\u0159\": 20, \"\\u0105\": 13, \"\\u0396\": 3, \"\\u03a0\": 9, \"\\u03c6\": 10, \"\\u06cc\": 15, \"\\u0169\": 5, \"\\u0129\": 4, \"\\u03a4\": 5, \"\\u044c\": 14, \"\\u6c96\": 2, \"\\u7530\": 8, \"\\u7dcf\": 3, \"\\u53f8\": 2, \"\\u04c0\": 9, \"\\u897f\": 8, \"\\u85cf\": 7, \"\\u0375\": 8, \"\\u4e4c\": 6, \"\\u6070\": 2, \"\\u05e1\": 2, \"~\": 12, \"\\u9060\": 4, \"\\u96f7\": 2, \"\\uff5e\": 4, \"\\u304f\": 3, \"\\u306b\": 3, \"\\u3042\": 2, \"\\u308b\": 2, \"\\u660e\": 2, \"\\u304b\": 3, \"\\u308a\": 3, \"\\u0418\": 6, \"\\u65b0\": 11, \"\\u7586\": 9, \"\\u7ef4\": 8, \"\\u543e\": 9, \"\\u5c14\": 14, \"\\u06a9\": 5, \"\\u12f0\": 2, \"\\u1261\": 2, \"\\u1265\": 9, \"\\u1215\": 2, \"\\u05e2\": 4, \"\\u05d4\": 7, \"\\u5750\": 2, \"\\u7985\": 2, \"\\u5c09\": 3, \"\\u7281\": 2, \"\\u5cb3\": 2, \"\\u666e\": 3, \"\\u6e56\": 2, \"\\u9999\": 2, \"\\u6e2f\": 2, \"\\u039d\": 4, \"\\u661f\": 3, \"\\uff08\": 3, \"\\u6b63\": 3, \"\\u9762\": 3, \"\\uff09\": 3, \"\\u015d\": 2, \"<\": 3, \"\\u535a\": 5, \"\\u4e50\": 5, \"\\u0413\": 10, \"\\u12d3\": 2, \"\\u1233\": 2, \"\\u00b1\": 6, \"\\u0192\": 2, \"\\u0423\": 4, \"\\u018e\": 4, \"\\u82e5\": 2, \"\\u7f8c\": 2, \"\\u6d1b\": 2, \"\\u6d66\": 2, \"\\u03b6\": 5, \"\\u30e8\": 2, \"\\u30fc\": 4, \"\\u30bc\": 2, \"\\u30b2\": 3, \"\\u30c3\": 4, \"\\u30d9\": 3, \"\\u30b9\": 2, \"\\u017a\": 6, \"\\u5340\": 4, \"\\u0398\": 5, \"\\ud568\": 2, \"\\ud765\": 2, \"\\u9234\": 2, \"\\u8cb4\": 2, \"\\u7537\": 2, \"\\u4e0a\": 2, \"\\u0540\": 5, \"\\u0575\": 6, \"\\u056f\": 4, \"\\u054d\": 4, \"\\u0533\": 3, \"\\u0565\": 3, \"\\u0582\": 6, \"\\u053d\": 2, \"\\u0570\": 2, \"\\u0564\": 2, \"\\u0635\": 16, \"\\u1e5f\": 3, \"\\u1e6f\": 3, \"\\u011d\": 6, \"\\u6ff1\": 2, \"\\u5dde\": 8, \"\\u6ee8\": 2, \"\\u044e\": 4, \"\\u1ec7\": 3, \"\\u82cf\": 3, \"\\u017b\": 5, \"\\u10d9\": 1, \"\\u10d0\": 12, \"\\u10ee\": 2, \"\\u963f\": 6, \"\\u6cf0\": 3, \"\\u0100\": 6, \"\\u0535\": 2, \"\\u0587\": 1, \"\\u9676\": 1, \"\\u016f\": 2, \"\\u03b2\": 5, \"\\u03c8\": 1, \"\\u05c1\": 1, \"\\u05db\": 1, \"\\u12a2\": 2, \"\\u1275\": 2, \"\\u12ee\": 2, \"\\u1335\": 2, \"\\u12eb\": 3, \"\\u6dc4\": 1, \"\\u840a\": 1, \"\\u856a\": 1, \"\\u83b1\": 1, \"\\u829c\": 1, \"\\u0428\": 3, \"\\u044a\": 7, \"\\u044d\": 5, \"\\u5c3c\": 1, \"\\u078e\": 1, \"\\u07aa\": 2, \"\\u0796\": 2, \"\\u07ad\": 1, \"\\u0787\": 2, \"\\u07b0\": 3, \"\\u0783\": 2, \"\\u07a7\": 2, \"\\u0794\": 1, \"\\u07a8\": 1, \"\\u0780\": 1, \"\\u07ab\": 1, \"\\u0789\": 1, \"\\u900a\": 1, \"\\u0111\": 5, \"\\u53f6\": 1, \"\\u57ce\": 7, \"\\u30c8\": 4, \"\\u30e9\": 1, \"\\u0630\": 1, \"\\u2030\": 8, \"\\u548c\": 5, \"\\u95fd\": 1, \"\\u6c5f\": 2, \"\\u1eed\": 3, \"\\u1ed1\": 3, \"\\u5a01\": 1, \"\\uac15\": 1, \"\\uacc4\": 1, \"\\u2299\": 2, \"\\u1455\": 3, \"\\u14d7\": 3, \"\\u1550\": 6, \"\\u152a\": 3, \"\\u140a\": 3, \"\\u1483\": 3, \"\\u0416\": 3, \"\\ub0a8\": 1, \"\\ud3ec\": 1, \"\\ud2b9\": 1, \"\\ubcc4\": 1, \"\\u015b\": 6, \"\\u04d9\": 1, \"\\u04b9\": 1, \"\\u1e35\": 2, \"\\u2190\": 3, \"\\u121d\": 1, \"\\u133d\": 1, \"\\u5510\": 2, \"\\u671d\": 2, \"\\u594e\": 1, \"\\u5c6f\": 1, \"\\u054a\": 1, \"\\u5410\": 1, \"\\u9c81\": 1, \"\\u756a\": 1, \"\\u4e8e\": 2, \"\\u1eaf\": 1, \"\\u859b\": 1, \"\\u0173\": 1, \"\\u03cd\": 5, \"\\u0218\": 1, \"\\u02d0\": 1, \"\\u02bb\": 4, \"\\uc0ac\": 1, \"\\ub9ac\": 1, \"\\uc6d0\": 2, \"\\u0389\": 1, \"\\u1e2a\": 2, \"\\u0444\": 3, \"\\u0457\": 3, \"\\u00ba\": 5, \"\\u5fb3\": 1, \"\\u5ddd\": 2, \"\\u5bb6\": 2, \"\\u5eb7\": 2, \"\\u961c\": 1, \"\\u2113\": 1, \"\\u1e45\": 1, \"\\u0b9a\": 1, \"\\u0bbf\": 1, \"\\u0b99\": 2, \"\\u0bcd\": 4, \"\\u0b95\": 2, \"\\u0baa\": 2, \"\\u0bc2\": 1, \"\\u0bb0\": 1, \"\\u5764\": 2, \"\\u5854\": 6, \"\\u4ec0\": 4, \"\\u5e93\": 3, \"\\u5e72\": 2, \"\\u5409\": 6, \"\\u5de9\": 1, \"\\u7559\": 1, \"\\u01d2\": 1, \"\\u03b8\": 3, \"\\u03a5\": 2, \"\\u03ce\": 2, \"\\u201e\": 4, \"\\uff1b\": 1, \"\\u30ab\": 1, \"\\u30a6\": 1, \"\\u30dc\": 2, \"\\u30d3\": 1, \"\\u30d0\": 1, \"\\u30d7\": 1, \"\\u201f\": 1, \"\\u6cb3\": 3, \"\\u79be\": 1, \"\\u5357\": 1, \"\\u6c99\": 2, \"\\u6e7e\": 1, \"\\u5c11\": 3, \"\\u4f50\": 1, \"\\u016c\": 1, \"\\u040e\": 3, \"\\u4e14\": 1, \"\\u672b\": 1, \"\\u02bc\": 2, \"\\u74e6\": 1, \"\\u63d0\": 2, \"\\u838a\": 1, \"\\u67a3\": 1, \"\\u5e84\": 1, \"\\u5580\": 1, \"\\u1ea5\": 7, \"\\u1ea1\": 2, \"\\u041e\": 4, \"\\u82f1\": 2, \"\\u09ac\": 1, \"\\u09be\": 2, \"\\u0982\": 1, \"\\u09b2\": 1, \"\\u09a6\": 1, \"\\u09c7\": 1, \"\\u09b6\": 1, \"\\u5c06\": 1, \"\\u0425\": 2, \"\\u0686\": 2, \"\\u06b5\": 1, \"\\u0449\": 2, \"\\u56fd\": 2, \"\\u5b89\": 2, \"\\u5168\": 1, \"\\u90e8\": 1, \"\\u5fb7\": 1, \"\\u9644\": 3, \"\\u6cfd\": 2, \"{\": 4, \"}\": 4, \"\\u010e\": 1, \"\\uac00\": 1, \"\\uc704\": 1, \"\\ub20c\": 1, \"\\ub9bc\": 2, \"\\u042e\": 1, \"\\u200f\": 1, \"\\u062b\": 1, \"\\u838e\": 1, \"\\u8f66\": 2, \"\\u5bdf\": 1, \"\\u5e03\": 3, \"\\u67e5\": 1, \"\\u9521\": 1, \"\\u4f2f\": 1, \"\\ubba4\": 1, \"\\uc9c1\": 3, \"\\ubc45\": 1, \"\\ud06c\": 1, \"\\u1ebf\": 3, \"\\u0928\": 1, \"\\u0947\": 1, \"\\u092a\": 1, \"\\u093e\": 1, \"\\u0932\": 1, \"\\u6e05\": 2, \"\\u30c6\": 1, \"\\u30a3\": 1, \"\\u67ef\": 1, \"\\u576a\": 1, \"\\u1e6d\": 1, \"\\u2033\": 1, \"\\u4f0a\": 2, \"\\u6e29\": 2, \"\\u6cc9\": 1, \"\\u7cbe\": 1, \"\\u014f\": 4, \"\\ud3c9\": 2, \"\\uc591\": 1, \"\\ud560\": 2, \"\\u5e73\": 1, \"\\u58cc\": 1, \"\\u76f4\": 2, \"\\u8f44\": 2, \"\\u571f\": 1, \"\\u65b9\": 1, \"\\u6b73\": 1, \"\\u0722\": 3, \"\\u0718\": 3, \"\\u0717\": 1, \"\\u072a\": 3, \"\\u9ea6\": 1, \"\\u76d6\": 1, \"\\ud61c\": 1, \"\\uc0b0\": 2, \"\\u0424\": 1, \"\\u00ae\": 1, \"\\u30af\": 1, \"\\u30fb\": 2, \"\\u30ea\": 1, \"\\u30e3\": 1, \"\\u30be\": 1, \"\\u04e3\": 1, \"\\u04b7\": 1, \"\\u1405\": 2, \"\\u1585\": 6, \"\\u14f1\": 2, \"\\u1451\": 2, \"\\u00a3\": 2, \"\\u6d25\": 2, \"\\u5927\": 3, \"\\u5b66\": 1, \"\\u10e1\": 10, \"\\u2666\": 1, \"\\u05d2\": 1, \"\\u05e0\": 1, \"\\u05df\": 1, \"\\u03a1\": 5, \"\\u039b\": 3, \"\\u0397\": 2, \"\\u039f\": 1, \"\\u88d5\": 1, \"\\u045c\": 2, \"\\u5185\": 4, \"\\u8499\": 6, \"\\u53e4\": 6, \"\\u5167\": 1, \"\\u7dad\": 1, \"\\u723e\": 1, \"\\u03a7\": 1, \"\\u9752\": 2, \"\\u5cf6\": 1, \"\\u5c9b\": 1, \"\\u3002\": 1, \"\\u8d5b\": 1, \"\\u72ec\": 1, \"\\u5b50\": 1, \"\\u06af\": 1, \"\\u0622\": 5, \"\\u0f61\": 1, \"\\u0f58\": 1, \"\\u0fa6\": 1, \"\\u0f74\": 1, \"\\u0f0d\": 1, \"\\u10e5\": 2, \"\\u10d7\": 3, \"\\u10d5\": 4, \"\\u10dd\": 3, \"\\u10d3\": 1, \"\\u10d6\": 2, \"\\u017c\": 2, \"\\u2207\": 1, \"\\u0417\": 1, \"\\uc870\": 1, \"\\uc120\": 2, \"\\u7109\": 2, \"\\u8006\": 2, \"\\u65cf\": 3, \"\\u83cf\": 2, \"\\u6fa4\": 1, \"\\u00c6\": 1, \"\\u30e2\": 1, \"\\u30b4\": 1, \"\\u30c1\": 1, \"\\u7e54\": 1, \"\\u4fe1\": 1, \"\\u9577\": 1, \"\\u3059\": 1, \"\\u304d\": 2, \"\\u713c\": 1, \"\\u8fbf\": 1, \"\\u7740\": 1, \"\\u5834\": 1, \"\\u6240\": 1, \"\\u0651\": 2, \"\\u0384\": 1, \"\\u9759\": 1, \"\\u053f\": 1, \"\\u0584\": 3, \"\\u1ed7\": 2, \"\\u1e60\": 2, \"\\u6a39\": 1, \"\\u03a6\": 1, \"\\u71df\": 1, \"\\u4e1c\": 1, \"\\u8425\": 1, \"\\u1ea3\": 1, \"\\u00b6\": 1, \"\\uccad\": 1, \"\\uc9c4\": 1, \"\\u0406\": 1, \"\\u0454\": 1, \"\\uc1a1\": 1, \"\\u0388\": 2, \"\\uc2e0\": 1, \"\\uc758\": 1, \"\\u662d\": 1, \"\\u5e7f\": 1, \"\\u58ee\": 1, \"\\u5730\": 2, \"\\u1ef3\": 1, \"\\u10e8\": 1, \"\\u054f\": 1, \"\\u057e\": 2, \"\\u0577\": 1, \"\\u7d71\": 1, \"\\u738b\": 1, \"\\u4e5d\": 2, \"\\u540c\": 1, \"\\u5fc3\": 1, \"\\u0415\": 2, \"\\u04a3\": 2, \"\\u0572\": 1, \"\\u4e49\": 1, \"\\u02be\": 1, \"\\u067e\": 1, \"\\u0688\": 1, \"\\u547c\": 1, \"\\u56fe\": 1, \"\\u58c1\": 1, \"\\u0120\": 1, \"\\ub77c\": 1, \"\\u7f85\": 1, \"\\u5148\": 1, \"\\u12e8\": 1, \"\\u134c\": 1, \"\\u12f4\": 1, \"\\u122b\": 2, \"\\u120b\": 1, \"\\u12ca\": 2, \"\\u12f2\": 1, \"\\u121e\": 1, \"\\u12ad\": 2, \"\\u1232\": 1, \"\\u122a\": 1, \"\\u1350\": 1, \"\\u120a\": 1, \"\\u012a\": 1, \"\\u071f\": 3, \"\\u10dc\": 1, \"\\u10d1\": 1, \"\\u10ed\": 1, \"\\ud6a8\": 1, \"\\ub9b0\": 1, \"\\u6839\": 1, \"\\u4f1f\": 1, \"\\u798f\": 1, \"\\u016d\": 1, \"\\u1780\": 1, \"\\u1798\": 1, \"\\u17d2\": 1, \"\\u1796\": 1, \"\\u17bb\": 1, \"\\u1787\": 1, \"\\u17b6\": 1, \"\\ub300\": 1, \"\\uc911\": 1, \"\\u4e2d\": 1, \"\\u804a\": 1, \"\\u1ea7\": 1, \"\\u674e\": 1, \"\\u73ae\": 1, \"\\u950b\": 1, \"\\u4f3d\": 1, \"\\u5e08\": 1, \"\\u203a\": 1, \"\\u071d\": 2, \"\\u0720\": 1, \"\\u5408\": 1, \"\\u5947\": 1, \"\\u7159\": 1, \"\\u81fa\": 1, \"\\u70df\": 1, \"\\u5bcc\": 1, \"\\u8574\": 1, \"\\u053b\": 1, \"\\u652f\": 1, \"\\u5e81\": 1, \"\\u65e5\": 3, \"\\u7167\": 1, \"\\u672c\": 3, \"\\u8ca8\": 2, \"\\u7269\": 2, \"\\u2295\": 1, \"\\u25ac\": 1, \"\\u0b87\": 1, \"\\u0bb2\": 1, \"\\u0bc8\": 1, \"\\u018f\": 1, \"\\u81e8\": 1, \"\\u6c82\": 2, \"\\u4e34\": 1, \"\\u05b4\": 1, \"\\u05d3\": 1, \"\\u00aa\": 1, \"\\u307b\": 1, \"\\u3093\": 1, \"\\u3044\": 1, \"\\u5317\": 2, \"\\u6e90\": 1, \"\\u900f\": 1, \"\\u958b\": 1, \"\\u62dc\": 1, \"\\u59da\": 1, \"\\u8d1d\": 1, \"\\u5a1c\": 1, \"\\u4eac\": 1, \"\\u90fd\": 1, \"\\u5343\": 1, \"\\u4ee3\": 1, \"\\u5bbf\": 1, \"\\u90e1\": 1, \"\\u4e43\": 1}", "word_docs": "{\"M\": 82762, \"\\u00fc\": 210123, \"z\": 152366, \"i\": 1062708, \"k\": 513310, \" \": 2970016, \"\\u015e\": 11131, \"e\": 1169698, \"n\": 968021, \"l\": 827493, \"\\u011f\": 110283, \"'\": 320684, \"h\": 130640, \"a\": 1475125, \"\\u0131\": 548053, \"r\": 896712, \"P\": 33142, \"O\": 18856, \"Z\": 5568, \"\\u0130\": 68879, \"T\": 51626, \"F\": 31610, \"v\": 138483, \"A\": 87773, \"\\u00e7\": 109775, \"R\": 64640, \"d\": 511711, \"y\": 385050, \"o\": 389176, \"\\u015f\": 173380, \"b\": 218543, \"c\": 127371, \"s\": 423072, \"t\": 472483, \"u\": 398038, \"2\": 33992, \",\": 125724, \"m\": 387179, \"g\": 152410, \"p\": 111957, \"H\": 33986, \"\\u00f6\": 88779, \"C\": 33921, \"D\": 82410, \"G\": 32131, \"f\": 64208, \"K\": 58525, \"S\": 62516, \"B\": 84583, \"\\\"\": 29545, \"j\": 9615, \"E\": 103256, \"0\": 45618, \"1\": 53001, \"9\": 29521, \"7\": 12941, \"V\": 12286, \"N\": 97040, \"w\": 10927, \"W\": 9285, \"L\": 66726, \"Y\": 63602, \"/\": 4648, \"\\u00d6\": 44790, \"I\": 13634, \"U\": 9692, \"J\": 13703, \"8\": 15924, \".\": 107873, \"-\": 42456, \";\": 2907, \"x\": 4261, \"Q\": 744, \"6\": 13411, \":\": 19657, \"\\u00dc\": 6770, \"&\": 396, \"\\u00c7\": 10445, \"5\": 16012, \"3\": 16986, \"(\": 38025, \")\": 37068, \"4\": 14337, \"\\u011e\": 416, \"q\": 1224, \"@\": 22, \"`\": 10674, \"%\": 429, \"X\": 1070, \"$\": 101, \"=\": 4129, \"\\u00c4\": 4, \"\\u00b0\": 45, \"+\": 443, \"\\u00c3\": 20, \"\\u0153\": 15, \"\\u00a2\": 17, \"#\": 11, \"!\": 492, \"?\": 309, \"\\u00c2\": 92, \"[\": 1007, \"]\": 2645, \"\\ud83d\\ude33\": 1, \"\\ud83d\\ude02\": 1, \"\\u00ee\": 3117, \"\\u00e9\": 2662, \"\\u0107\": 713, \"*\": 8186, \"\\u010d\": 153, \"\\u00e1\": 1413, \"\\u011b\": 19, \"\\u0161\": 310, \"|\": 411, \"\\u00ed\": 939, \"\\u00f5\": 28, \"\\u00e2\": 2579, \"\\u00f2\": 18, \"\\u00f3\": 846, \"\\u0106\": 5, \"\\u03bb\": 52, \"\\u00c9\": 229, \"\\u2192\": 198, \"\\u00e3\": 318, \"\\u012b\": 38, \"\\u00f8\": 101, \"\\u00d7\": 68, \"\\u20ac\": 38, \"\\u00eb\": 175, \"\\u0141\": 9, \"\\u00f1\": 188, \"\\u2021\": 170, \"\\u00c5\": 28, \"\\u00fb\": 393, \"\\u00da\": 19, \"\\u00f4\": 104, \"\\uae40\": 3, \"\\uc601\": 2, \"\\uc0bc\": 2, \"\\u91d1\": 3, \"\\u6cf3\": 2, \"\\u4e09\": 3, \"\\u00e8\": 309, \"\\u00fd\": 39, \"\\u00ce\": 6, \"\\u016b\": 66, \"\\u0160\": 96, \"\\u0633\": 52, \"\\u0627\": 212, \"\\u0645\": 120, \"\\u064e\": 17, \"\\u0631\": 93, \"\\u0621\": 10, \"\\u2020\": 251, \"\\u0643\": 19, \"\\u0628\": 70, \"\\u0644\": 143, \"\\u062a\": 31, \"\\u064a\": 106, \"\\u0148\": 11, \"\\u0219\": 95, \"\\u0103\": 74, \"\\u00e4\": 360, \"_\": 121, \"\\u0101\": 79, \"\\u2022\": 133, \"\\u00ea\": 68, \"^\": 54, \"\\u00e0\": 164, \"\\u00fa\": 186, \"\\u00f0\": 27, \"\\u00b2\": 146, \"\\u010c\": 78, \"\\u021b\": 40, \"\\u064f\": 28, \"\\u062d\": 48, \"\\u0641\": 31, \"\\u0638\": 15, \"\\u0629\": 79, \"\\u0642\": 32, \"\\u00df\": 60, \"\\u00c1\": 88, \"\\u00d0\": 4, \"\\u1ee9\": 5, \"\\u1ecd\": 4, \"\\u00cd\": 30, \"\\u0395\": 9, \"\\u03c5\": 35, \"\\u03b4\": 26, \"\\u03bf\": 125, \"\\u03ba\": 38, \"\\u03af\": 44, \"\\u03b1\": 110, \"\\u0391\": 28, \"\\u03b3\": 32, \"\\u03b5\": 37, \"\\u03bd\": 120, \"\\u041a\": 28, \"\\u0430\": 200, \"\\u0431\": 27, \"\\u0440\": 118, \"\\u0434\": 38, \"\\u0438\": 147, \"\\u043d\": 121, \"\\u0446\": 10, \"\\u044b\": 26, \"\\u0142\": 83, \"\\u0151\": 56, \"\\u0636\": 7, \"\\u0623\": 9, \"\\u30a2\": 5, \"\\u30c9\": 5, \"\\u30eb\": 11, \"\\u30d5\": 5, \"\\uff65\": 6, \"\\u30a4\": 4, \"\\u30d2\": 4, \"\\u30de\": 4, \"\\u30f3\": 6, \"\\u0648\": 67, \"\\u0649\": 8, \"\\u043e\": 156, \"\\u041c\": 15, \"\\u0301\": 35, \"\\u043b\": 85, \"\\u0439\": 29, \"\\u041b\": 6, \"\\u044f\": 19, \"\\u0445\": 12, \"\\u0432\": 58, \"\\u0441\": 69, \"\\u043a\": 86, \"\\u0163\": 27, \"\\u0144\": 60, \"\\u76ae\": 2, \"\\u5c71\": 3, \"\\u53bf\": 76, \"\\u0121\": 3, \"\\u063a\": 7, \"\\u0646\": 72, \"\\u017d\": 34, \"\\u017e\": 86, \"\\u0117\": 23, \"\\u0259\": 40, \"\\u00b9\": 5, \"\\u00d3\": 23, \"\\u03b9\": 52, \"\\u03cc\": 29, \"\\u03c2\": 87, \"\\u039a\": 33, \"\\u03c1\": 49, \"\\u03ae\": 20, \"\\u03c4\": 63, \"\\u03b7\": 29, \"\\u8f6e\": 2, \"\\u53f0\": 3, \"\\u0435\": 162, \"\\u0456\": 5, \"\\u0447\": 12, \"\\u0443\": 36, \"\\u00e5\": 65, \"\\u739b\": 2, \"\\u7eb3\": 2, \"\\u65af\": 3, \"\\u01ce\": 19, \"\\u00a7\": 27, \"\\u12f5\": 2, \"\\u122c\": 2, \"\\u12f3\": 2, \"\\u12cb\": 3, \"\\u0113\": 19, \"\\u1e5b\": 2, \"\\u014d\": 103, \"\\u0531\": 2, \"\\u0580\": 10, \"\\u0561\": 18, \"\\u0563\": 4, \"\\u056e\": 2, \"\\u0578\": 11, \"\\u057f\": 3, \"\\u0576\": 10, \"\\u056b\": 6, \"\\u0119\": 7, \"\\u9ad8\": 2, \"\\u660c\": 3, \"\\u56de\": 4, \"\\u9dbb\": 2, \"\\u0412\": 13, \"\\u045e\": 2, \"\\u0421\": 34, \"\\u0442\": 102, \"\\u0411\": 17, \"\\u0420\": 17, \"\\u00ef\": 20, \"\\u6c11\": 3, \"\\u4e30\": 2, \"\\u062e\": 19, \"\\u03ad\": 18, \"\\u03be\": 11, \"\\u0393\": 10, \"\\u0386\": 6, \"\\u1ec5\": 10, \">\": 32, \"\\u00e6\": 27, \"\\u5df4\": 5, \"\\u695a\": 2, \"\\u01d4\": 10, \"\\u038a\": 2, \"\\u03c9\": 26, \"\\u03ac\": 26, \"\\u6fdf\": 3, \"\\u5be7\": 2, \"\\u5e02\": 53, \"\\u6d4e\": 2, \"\\u5b81\": 3, \"\\u00ec\": 67, \"\\u0394\": 9, \"\\u039c\": 13, \"\\u00d8\": 11, \"\\u0392\": 15, \"\\u03c3\": 41, \"\\u6728\": 6, \"\\u5792\": 2, \"\\u54c8\": 5, \"\\u8428\": 5, \"\\u514b\": 12, \"\\u81ea\": 31, \"\\u6cbb\": 31, \"\\u00f9\": 26, \"\\u0639\": 35, \"\\u062f\": 66, \"\\u03bc\": 30, \"\\u01b0\": 5, \"\\u01a1\": 4, \"\\u043c\": 28, \"\\u05d0\": 7, \"\\u05d9\": 42, \"\\u05dc\": 30, \"\\u05ea\": 6, \"\\u00de\": 3, \"\\u758f\": 5, \"\\u52d2\": 5, \"\\u0410\": 23, \"\\u043f\": 19, \"\\u00ff\": 9, \"\\u8fd1\": 2, \"\\u85e4\": 2, \"\\u52c7\": 2, \"\\u68d7\": 3, \"\\u614e\": 2, \"\\u015a\": 7, \"\\u03c7\": 4, \"\\u03a3\": 8, \"\\u03c0\": 15, \"\\uac1c\": 5, \"\\uc131\": 6, \"\\uacf5\": 2, \"\\uc5c5\": 2, \"\\uc9c0\": 2, \"\\uad6c\": 2, \"\\u041f\": 21, \"\\u0634\": 25, \"\\ub178\": 3, \"\\ubb34\": 3, \"\\ud604\": 3, \"\\u76e7\": 3, \"\\u6b66\": 4, \"\\u9249\": 3, \"\\u1e57\": 4, \"\\u04a7\": 2, \"\\u062c\": 17, \"\\u0647\": 27, \"\\u0433\": 38, \"\\u767d\": 3, \"\\u78b1\": 2, \"\\u6ee9\": 2, \"\\u533a\": 29, \"\\u10d8\": 9, \"\\u10db\": 3, \"\\u10d4\": 7, \"\\u10e0\": 9, \"\\u10e3\": 7, \"\\u10da\": 4, \"\\ud574\": 2, \"\\uc8fc\": 3, \"\\uc2dc\": 18, \"\\u0110\": 21, \"\\u0625\": 8, \"\\u041d\": 11, \"\\u014c\": 6, \"\\u0632\": 16, \"\\u0399\": 9, \"\\u2609\": 4, \"\\u02bf\": 9, \"\\u1e25\": 4, \"\\u6771\": 6, \"\\u6d77\": 14, \"\\u65c5\": 4, \"\\u5ba2\": 4, \"\\u9244\": 5, \"\\u9053\": 7, \"\\u05de\": 14, \"\\u05dd\": 13, \"\\u049a\": 3, \"\\u0437\": 26, \"\\u049b\": 5, \"\\u0493\": 4, \"\\u05e8\": 14, \"\\u05e4\": 4, \"\\u05d7\": 4, \"\\u0712\": 3, \"\\u0713\": 2, \"\\u0715\": 5, \"\\u0710\": 5, \"\\u0448\": 14, \"\\u6258\": 3, \"\\u91cc\": 4, \"\\u01d0\": 5, \"\\u05d6\": 4, \"\\u05da\": 2, \"\\u05e9\": 8, \"\\u0414\": 13, \"\\u0436\": 4, \"\\u013d\": 5, \"\\u05e7\": 4, \"\\u05d1\": 10, \"\\u05d5\": 8, \"\\u0409\": 2, \"\\u0458\": 8, \"\\u7279\": 5, \"\\u522b\": 4, \"\\u884c\": 4, \"\\u653f\": 4, \"\\u6f4d\": 2, \"\\u574a\": 2, \"\\u064d\": 2, \"\\u0650\": 6, \"\\u05b8\": 2, \"\\u05e6\": 2, \"\\u05f2\": 2, \"\\u05b7\": 2, \"\\u05d8\": 2, \"\\u0637\": 11, \"\\u0422\": 7, \"\\u0159\": 20, \"\\u0105\": 13, \"\\u0396\": 3, \"\\u03a0\": 9, \"\\u03c6\": 10, \"\\u06cc\": 15, \"\\u0169\": 5, \"\\u0129\": 4, \"\\u03a4\": 5, \"\\u044c\": 14, \"\\u6c96\": 2, \"\\u7530\": 8, \"\\u7dcf\": 3, \"\\u53f8\": 2, \"\\u04c0\": 9, \"\\u897f\": 8, \"\\u85cf\": 7, \"\\u0375\": 8, \"\\u4e4c\": 6, \"\\u6070\": 2, \"\\u05e1\": 2, \"~\": 12, \"\\u9060\": 4, \"\\u96f7\": 2, \"\\uff5e\": 4, \"\\u304f\": 3, \"\\u306b\": 3, \"\\u3042\": 2, \"\\u308b\": 2, \"\\u660e\": 2, \"\\u304b\": 3, \"\\u308a\": 3, \"\\u0418\": 6, \"\\u65b0\": 11, \"\\u7586\": 9, \"\\u7ef4\": 8, \"\\u543e\": 9, \"\\u5c14\": 14, \"\\u06a9\": 5, \"\\u12f0\": 2, \"\\u1261\": 2, \"\\u1265\": 9, \"\\u1215\": 2, \"\\u05e2\": 4, \"\\u05d4\": 7, \"\\u5750\": 2, \"\\u7985\": 2, \"\\u5c09\": 3, \"\\u7281\": 2, \"\\u5cb3\": 2, \"\\u666e\": 3, \"\\u6e56\": 2, \"\\u9999\": 2, \"\\u6e2f\": 2, \"\\u039d\": 4, \"\\u661f\": 3, \"\\uff08\": 3, \"\\u6b63\": 3, \"\\u9762\": 3, \"\\uff09\": 3, \"\\u015d\": 2, \"<\": 3, \"\\u535a\": 5, \"\\u4e50\": 5, \"\\u0413\": 10, \"\\u12d3\": 2, \"\\u1233\": 2, \"\\u00b1\": 6, \"\\u0192\": 2, \"\\u0423\": 4, \"\\u018e\": 4, \"\\u82e5\": 2, \"\\u7f8c\": 2, \"\\u6d1b\": 2, \"\\u6d66\": 2, \"\\u03b6\": 5, \"\\u30e8\": 2, \"\\u30fc\": 4, \"\\u30bc\": 2, \"\\u30b2\": 3, \"\\u30c3\": 4, \"\\u30d9\": 3, \"\\u30b9\": 2, \"\\u017a\": 6, \"\\u5340\": 4, \"\\u0398\": 5, \"\\ud568\": 2, \"\\ud765\": 2, \"\\u9234\": 2, \"\\u8cb4\": 2, \"\\u7537\": 2, \"\\u4e0a\": 2, \"\\u0540\": 5, \"\\u0575\": 6, \"\\u056f\": 4, \"\\u054d\": 4, \"\\u0533\": 3, \"\\u0565\": 3, \"\\u0582\": 6, \"\\u053d\": 2, \"\\u0570\": 2, \"\\u0564\": 2, \"\\u0635\": 16, \"\\u1e5f\": 3, \"\\u1e6f\": 3, \"\\u011d\": 6, \"\\u6ff1\": 2, \"\\u5dde\": 8, \"\\u6ee8\": 2, \"\\u044e\": 4, \"\\u1ec7\": 3, \"\\u82cf\": 3, \"\\u017b\": 5, \"\\u10d9\": 1, \"\\u10d0\": 12, \"\\u10ee\": 2, \"\\u963f\": 6, \"\\u6cf0\": 3, \"\\u0100\": 6, \"\\u0535\": 2, \"\\u0587\": 1, \"\\u9676\": 1, \"\\u016f\": 2, \"\\u03b2\": 5, \"\\u03c8\": 1, \"\\u05c1\": 1, \"\\u05db\": 1, \"\\u12a2\": 2, \"\\u1275\": 2, \"\\u12ee\": 2, \"\\u1335\": 2, \"\\u12eb\": 3, \"\\u6dc4\": 1, \"\\u840a\": 1, \"\\u856a\": 1, \"\\u83b1\": 1, \"\\u829c\": 1, \"\\u0428\": 3, \"\\u044a\": 7, \"\\u044d\": 5, \"\\u5c3c\": 1, \"\\u078e\": 1, \"\\u07aa\": 2, \"\\u0796\": 2, \"\\u07ad\": 1, \"\\u0787\": 2, \"\\u07b0\": 3, \"\\u0783\": 2, \"\\u07a7\": 2, \"\\u0794\": 1, \"\\u07a8\": 1, \"\\u0780\": 1, \"\\u07ab\": 1, \"\\u0789\": 1, \"\\u900a\": 1, \"\\u0111\": 5, \"\\u53f6\": 1, \"\\u57ce\": 7, \"\\u30c8\": 4, \"\\u30e9\": 1, \"\\u0630\": 1, \"\\u2030\": 8, \"\\u548c\": 5, \"\\u95fd\": 1, \"\\u6c5f\": 2, \"\\u1eed\": 3, \"\\u1ed1\": 3, \"\\u5a01\": 1, \"\\uac15\": 1, \"\\uacc4\": 1, \"\\u2299\": 2, \"\\u1455\": 3, \"\\u14d7\": 3, \"\\u1550\": 6, \"\\u152a\": 3, \"\\u140a\": 3, \"\\u1483\": 3, \"\\u0416\": 3, \"\\ub0a8\": 1, \"\\ud3ec\": 1, \"\\ud2b9\": 1, \"\\ubcc4\": 1, \"\\u015b\": 6, \"\\u04d9\": 1, \"\\u04b9\": 1, \"\\u1e35\": 2, \"\\u2190\": 3, \"\\u121d\": 1, \"\\u133d\": 1, \"\\u5510\": 2, \"\\u671d\": 2, \"\\u594e\": 1, \"\\u5c6f\": 1, \"\\u054a\": 1, \"\\u5410\": 1, \"\\u9c81\": 1, \"\\u756a\": 1, \"\\u4e8e\": 2, \"\\u1eaf\": 1, \"\\u859b\": 1, \"\\u0173\": 1, \"\\u03cd\": 5, \"\\u0218\": 1, \"\\u02d0\": 1, \"\\u02bb\": 4, \"\\uc0ac\": 1, \"\\ub9ac\": 1, \"\\uc6d0\": 2, \"\\u0389\": 1, \"\\u1e2a\": 2, \"\\u0444\": 3, \"\\u0457\": 3, \"\\u00ba\": 5, \"\\u5fb3\": 1, \"\\u5ddd\": 2, \"\\u5bb6\": 2, \"\\u5eb7\": 2, \"\\u961c\": 1, \"\\u2113\": 1, \"\\u1e45\": 1, \"\\u0b9a\": 1, \"\\u0bbf\": 1, \"\\u0b99\": 2, \"\\u0bcd\": 4, \"\\u0b95\": 2, \"\\u0baa\": 2, \"\\u0bc2\": 1, \"\\u0bb0\": 1, \"\\u5764\": 2, \"\\u5854\": 6, \"\\u4ec0\": 4, \"\\u5e93\": 3, \"\\u5e72\": 2, \"\\u5409\": 6, \"\\u5de9\": 1, \"\\u7559\": 1, \"\\u01d2\": 1, \"\\u03b8\": 3, \"\\u03a5\": 2, \"\\u03ce\": 2, \"\\u201e\": 4, \"\\uff1b\": 1, \"\\u30ab\": 1, \"\\u30a6\": 1, \"\\u30dc\": 2, \"\\u30d3\": 1, \"\\u30d0\": 1, \"\\u30d7\": 1, \"\\u201f\": 1, \"\\u6cb3\": 3, \"\\u79be\": 1, \"\\u5357\": 1, \"\\u6c99\": 2, \"\\u6e7e\": 1, \"\\u5c11\": 3, \"\\u4f50\": 1, \"\\u016c\": 1, \"\\u040e\": 3, \"\\u4e14\": 1, \"\\u672b\": 1, \"\\u02bc\": 2, \"\\u74e6\": 1, \"\\u63d0\": 2, \"\\u838a\": 1, \"\\u67a3\": 1, \"\\u5e84\": 1, \"\\u5580\": 1, \"\\u1ea5\": 7, \"\\u1ea1\": 2, \"\\u041e\": 4, \"\\u82f1\": 2, \"\\u09ac\": 1, \"\\u09be\": 2, \"\\u0982\": 1, \"\\u09b2\": 1, \"\\u09a6\": 1, \"\\u09c7\": 1, \"\\u09b6\": 1, \"\\u5c06\": 1, \"\\u0425\": 2, \"\\u0686\": 2, \"\\u06b5\": 1, \"\\u0449\": 2, \"\\u56fd\": 2, \"\\u5b89\": 2, \"\\u5168\": 1, \"\\u90e8\": 1, \"\\u5fb7\": 1, \"\\u9644\": 3, \"\\u6cfd\": 2, \"{\": 4, \"}\": 4, \"\\u010e\": 1, \"\\uac00\": 1, \"\\uc704\": 1, \"\\ub20c\": 1, \"\\ub9bc\": 2, \"\\u042e\": 1, \"\\u200f\": 1, \"\\u062b\": 1, \"\\u838e\": 1, \"\\u8f66\": 2, \"\\u5bdf\": 1, \"\\u5e03\": 3, \"\\u67e5\": 1, \"\\u9521\": 1, \"\\u4f2f\": 1, \"\\ubba4\": 1, \"\\uc9c1\": 3, \"\\ubc45\": 1, \"\\ud06c\": 1, \"\\u1ebf\": 3, \"\\u0928\": 1, \"\\u0947\": 1, \"\\u092a\": 1, \"\\u093e\": 1, \"\\u0932\": 1, \"\\u6e05\": 2, \"\\u30c6\": 1, \"\\u30a3\": 1, \"\\u67ef\": 1, \"\\u576a\": 1, \"\\u1e6d\": 1, \"\\u2033\": 1, \"\\u4f0a\": 2, \"\\u6e29\": 2, \"\\u6cc9\": 1, \"\\u7cbe\": 1, \"\\u014f\": 4, \"\\ud3c9\": 2, \"\\uc591\": 1, \"\\ud560\": 2, \"\\u5e73\": 1, \"\\u58cc\": 1, \"\\u76f4\": 2, \"\\u8f44\": 2, \"\\u571f\": 1, \"\\u65b9\": 1, \"\\u6b73\": 1, \"\\u0722\": 3, \"\\u0718\": 3, \"\\u0717\": 1, \"\\u072a\": 3, \"\\u9ea6\": 1, \"\\u76d6\": 1, \"\\ud61c\": 1, \"\\uc0b0\": 2, \"\\u0424\": 1, \"\\u00ae\": 1, \"\\u30af\": 1, \"\\u30fb\": 2, \"\\u30ea\": 1, \"\\u30e3\": 1, \"\\u30be\": 1, \"\\u04e3\": 1, \"\\u04b7\": 1, \"\\u1405\": 2, \"\\u1585\": 6, \"\\u14f1\": 2, \"\\u1451\": 2, \"\\u00a3\": 2, \"\\u6d25\": 2, \"\\u5927\": 3, \"\\u5b66\": 1, \"\\u10e1\": 10, \"\\u2666\": 1, \"\\u05d2\": 1, \"\\u05e0\": 1, \"\\u05df\": 1, \"\\u03a1\": 5, \"\\u039b\": 3, \"\\u0397\": 2, \"\\u039f\": 1, \"\\u88d5\": 1, \"\\u045c\": 2, \"\\u5185\": 4, \"\\u8499\": 6, \"\\u53e4\": 6, \"\\u5167\": 1, \"\\u7dad\": 1, \"\\u723e\": 1, \"\\u03a7\": 1, \"\\u9752\": 2, \"\\u5cf6\": 1, \"\\u5c9b\": 1, \"\\u3002\": 1, \"\\u8d5b\": 1, \"\\u72ec\": 1, \"\\u5b50\": 1, \"\\u06af\": 1, \"\\u0622\": 5, \"\\u0f61\": 1, \"\\u0f58\": 1, \"\\u0fa6\": 1, \"\\u0f74\": 1, \"\\u0f0d\": 1, \"\\u10e5\": 2, \"\\u10d7\": 3, \"\\u10d5\": 4, \"\\u10dd\": 3, \"\\u10d3\": 1, \"\\u10d6\": 2, \"\\u017c\": 2, \"\\u2207\": 1, \"\\u0417\": 1, \"\\uc870\": 1, \"\\uc120\": 2, \"\\u7109\": 2, \"\\u8006\": 2, \"\\u65cf\": 3, \"\\u83cf\": 2, \"\\u6fa4\": 1, \"\\u00c6\": 1, \"\\u30e2\": 1, \"\\u30b4\": 1, \"\\u30c1\": 1, \"\\u7e54\": 1, \"\\u4fe1\": 1, \"\\u9577\": 1, \"\\u3059\": 1, \"\\u304d\": 2, \"\\u713c\": 1, \"\\u8fbf\": 1, \"\\u7740\": 1, \"\\u5834\": 1, \"\\u6240\": 1, \"\\u0651\": 2, \"\\u0384\": 1, \"\\u9759\": 1, \"\\u053f\": 1, \"\\u0584\": 3, \"\\u1ed7\": 2, \"\\u1e60\": 2, \"\\u6a39\": 1, \"\\u03a6\": 1, \"\\u71df\": 1, \"\\u4e1c\": 1, \"\\u8425\": 1, \"\\u1ea3\": 1, \"\\u00b6\": 1, \"\\uccad\": 1, \"\\uc9c4\": 1, \"\\u0406\": 1, \"\\u0454\": 1, \"\\uc1a1\": 1, \"\\u0388\": 2, \"\\uc2e0\": 1, \"\\uc758\": 1, \"\\u662d\": 1, \"\\u5e7f\": 1, \"\\u58ee\": 1, \"\\u5730\": 2, \"\\u1ef3\": 1, \"\\u10e8\": 1, \"\\u054f\": 1, \"\\u057e\": 2, \"\\u0577\": 1, \"\\u7d71\": 1, \"\\u738b\": 1, \"\\u4e5d\": 2, \"\\u540c\": 1, \"\\u5fc3\": 1, \"\\u0415\": 2, \"\\u04a3\": 2, \"\\u0572\": 1, \"\\u4e49\": 1, \"\\u02be\": 1, \"\\u067e\": 1, \"\\u0688\": 1, \"\\u547c\": 1, \"\\u56fe\": 1, \"\\u58c1\": 1, \"\\u0120\": 1, \"\\ub77c\": 1, \"\\u7f85\": 1, \"\\u5148\": 1, \"\\u12e8\": 1, \"\\u134c\": 1, \"\\u12f4\": 1, \"\\u122b\": 2, \"\\u120b\": 1, \"\\u12ca\": 2, \"\\u12f2\": 1, \"\\u121e\": 1, \"\\u12ad\": 2, \"\\u1232\": 1, \"\\u122a\": 1, \"\\u1350\": 1, \"\\u120a\": 1, \"\\u012a\": 1, \"\\u071f\": 3, \"\\u10dc\": 1, \"\\u10d1\": 1, \"\\u10ed\": 1, \"\\ud6a8\": 1, \"\\ub9b0\": 1, \"\\u6839\": 1, \"\\u4f1f\": 1, \"\\u798f\": 1, \"\\u016d\": 1, \"\\u1780\": 1, \"\\u1798\": 1, \"\\u17d2\": 1, \"\\u1796\": 1, \"\\u17bb\": 1, \"\\u1787\": 1, \"\\u17b6\": 1, \"\\ub300\": 1, \"\\uc911\": 1, \"\\u4e2d\": 1, \"\\u804a\": 1, \"\\u1ea7\": 1, \"\\u674e\": 1, \"\\u73ae\": 1, \"\\u950b\": 1, \"\\u4f3d\": 1, \"\\u5e08\": 1, \"\\u203a\": 1, \"\\u071d\": 2, \"\\u0720\": 1, \"\\u5408\": 1, \"\\u5947\": 1, \"\\u7159\": 1, \"\\u81fa\": 1, \"\\u70df\": 1, \"\\u5bcc\": 1, \"\\u8574\": 1, \"\\u053b\": 1, \"\\u652f\": 1, \"\\u5e81\": 1, \"\\u65e5\": 3, \"\\u7167\": 1, \"\\u672c\": 3, \"\\u8ca8\": 2, \"\\u7269\": 2, \"\\u2295\": 1, \"\\u25ac\": 1, \"\\u0b87\": 1, \"\\u0bb2\": 1, \"\\u0bc8\": 1, \"\\u018f\": 1, \"\\u81e8\": 1, \"\\u6c82\": 2, \"\\u4e34\": 1, \"\\u05b4\": 1, \"\\u05d3\": 1, \"\\u00aa\": 1, \"\\u307b\": 1, \"\\u3093\": 1, \"\\u3044\": 1, \"\\u5317\": 2, \"\\u6e90\": 1, \"\\u900f\": 1, \"\\u958b\": 1, \"\\u62dc\": 1, \"\\u59da\": 1, \"\\u8d1d\": 1, \"\\u5a1c\": 1, \"\\u4eac\": 1, \"\\u90fd\": 1, \"\\u5343\": 1, \"\\u4ee3\": 1, \"\\u5bbf\": 1, \"\\u90e1\": 1, \"\\u4e43\": 1}", "index_docs": "{\"37\": 82762, \"20\": 210123, \"23\": 152366, \"5\": 1062708, \"10\": 513310, \"2\": 2970016, \"72\": 11131, \"4\": 1169698, \"6\": 968021, \"8\": 827493, \"29\": 110283, \"18\": 320684, \"25\": 130640, \"3\": 1475125, \"9\": 548053, \"7\": 896712, \"56\": 33142, \"62\": 18856, \"81\": 5568, \"39\": 68879, \"47\": 51626, \"58\": 31610, \"24\": 138483, \"35\": 87773, \"30\": 109775, \"41\": 64640, \"11\": 511711, \"17\": 385050, \"15\": 389176, \"21\": 173380, \"19\": 218543, \"26\": 127371, \"13\": 423072, \"12\": 472483, \"14\": 398038, \"53\": 33992, \"27\": 125724, \"16\": 387179, \"22\": 152410, \"28\": 111957, \"54\": 33986, \"34\": 88779, \"55\": 33921, \"38\": 82410, \"57\": 32131, \"42\": 64208, \"45\": 58525, \"44\": 62516, \"36\": 84583, \"59\": 29545, \"77\": 9615, \"32\": 103256, \"48\": 45618, \"46\": 53001, \"60\": 29521, \"70\": 12941, \"71\": 12286, \"33\": 97040, \"73\": 10927, \"78\": 9285, \"40\": 66726, \"43\": 63602, \"82\": 4648, \"49\": 44790, \"68\": 13634, \"76\": 9692, \"67\": 13703, \"65\": 15924, \"31\": 107873, \"50\": 42456, \"86\": 2907, \"83\": 4261, \"96\": 744, \"69\": 13411, \"61\": 19657, \"80\": 6770, \"103\": 396, \"75\": 10445, \"64\": 16012, \"63\": 16986, \"51\": 38025, \"52\": 37068, \"66\": 14337, \"101\": 416, \"91\": 1224, \"233\": 22, \"74\": 10674, \"100\": 429, \"92\": 1070, \"138\": 101, \"84\": 4129, \"407\": 4, \"177\": 45, \"99\": 443, \"236\": 20, \"259\": 15, \"252\": 17, \"281\": 11, \"98\": 492, \"108\": 309, \"143\": 92, \"93\": 1007, \"88\": 2645, \"714\": 1, \"715\": 1, \"85\": 3117, \"87\": 2662, \"97\": 713, \"79\": 8186, \"122\": 153, \"90\": 1413, \"240\": 19, \"107\": 310, \"102\": 411, \"94\": 939, \"211\": 28, \"89\": 2579, \"248\": 18, \"95\": 846, \"369\": 5, \"172\": 52, \"111\": 229, \"114\": 198, \"106\": 318, \"184\": 38, \"139\": 101, \"158\": 68, \"185\": 38, \"117\": 175, \"301\": 9, \"115\": 188, \"118\": 170, \"212\": 28, \"104\": 393, \"241\": 19, \"135\": 104, \"458\": 3, \"542\": 2, \"543\": 2, \"459\": 3, \"544\": 2, \"460\": 3, \"109\": 309, \"183\": 39, \"341\": 6, \"162\": 66, \"140\": 96, \"173\": 52, \"112\": 212, \"130\": 120, \"253\": 17, \"142\": 93, \"290\": 10, \"110\": 251, \"242\": 19, \"156\": 70, \"125\": 143, \"200\": 31, \"134\": 106, \"282\": 11, \"141\": 95, \"154\": 74, \"105\": 360, \"128\": 121, \"150\": 79, \"126\": 133, \"159\": 68, \"170\": 54, \"119\": 164, \"116\": 186, \"217\": 27, \"124\": 146, \"152\": 78, \"181\": 40, \"213\": 28, \"176\": 48, \"201\": 31, \"260\": 15, \"151\": 79, \"197\": 32, \"166\": 60, \"144\": 88, \"408\": 4, \"370\": 5, \"409\": 4, \"204\": 30, \"302\": 9, \"191\": 35, \"223\": 26, \"127\": 125, \"186\": 38, \"178\": 44, \"133\": 110, \"214\": 28, \"198\": 32, \"189\": 37, \"131\": 120, \"215\": 28, \"113\": 200, \"218\": 27, \"132\": 118, \"187\": 38, \"123\": 147, \"129\": 121, \"291\": 10, \"224\": 26, \"149\": 83, \"169\": 56, \"327\": 7, \"303\": 9, \"371\": 5, \"372\": 5, \"283\": 11, \"373\": 5, \"342\": 6, \"410\": 4, \"411\": 4, \"412\": 4, \"343\": 6, \"160\": 67, \"315\": 8, \"121\": 156, \"261\": 15, \"192\": 35, \"148\": 85, \"207\": 29, \"344\": 6, \"243\": 19, \"276\": 12, \"168\": 58, \"157\": 69, \"146\": 86, \"219\": 27, \"167\": 60, \"545\": 2, \"461\": 3, \"153\": 76, \"462\": 3, \"328\": 7, \"155\": 72, \"194\": 34, \"147\": 86, \"230\": 23, \"182\": 40, \"374\": 5, \"231\": 23, \"174\": 52, \"208\": 29, \"145\": 87, \"196\": 33, \"175\": 49, \"237\": 20, \"165\": 63, \"209\": 29, \"546\": 2, \"463\": 3, \"120\": 162, \"375\": 5, \"277\": 12, \"190\": 36, \"164\": 65, \"547\": 2, \"548\": 2, \"464\": 3, \"244\": 19, \"220\": 27, \"549\": 2, \"550\": 2, \"551\": 2, \"465\": 3, \"245\": 19, \"552\": 2, \"136\": 103, \"553\": 2, \"292\": 10, \"249\": 18, \"413\": 4, \"554\": 2, \"284\": 11, \"466\": 3, \"293\": 10, \"345\": 6, \"329\": 7, \"555\": 2, \"467\": 3, \"414\": 4, \"556\": 2, \"271\": 13, \"557\": 2, \"195\": 34, \"137\": 102, \"254\": 17, \"255\": 17, \"238\": 20, \"468\": 3, \"558\": 2, \"246\": 19, \"250\": 18, \"285\": 11, \"294\": 10, \"346\": 6, \"295\": 10, \"199\": 32, \"221\": 27, \"376\": 5, \"559\": 2, \"296\": 10, \"560\": 2, \"225\": 26, \"226\": 26, \"469\": 3, \"561\": 2, \"171\": 53, \"562\": 2, \"470\": 3, \"161\": 67, \"304\": 9, \"272\": 13, \"286\": 11, \"262\": 15, \"180\": 41, \"347\": 6, \"563\": 2, \"377\": 5, \"378\": 5, \"278\": 12, \"202\": 31, \"203\": 31, \"227\": 26, \"193\": 35, \"163\": 66, \"205\": 30, \"379\": 5, \"415\": 4, \"216\": 28, \"330\": 7, \"179\": 42, \"206\": 30, \"348\": 6, \"471\": 3, \"380\": 5, \"381\": 5, \"232\": 23, \"247\": 19, \"305\": 9, \"564\": 2, \"565\": 2, \"566\": 2, \"472\": 3, \"567\": 2, \"331\": 7, \"416\": 4, \"316\": 8, \"263\": 15, \"382\": 5, \"349\": 6, \"568\": 2, \"569\": 2, \"570\": 2, \"571\": 2, \"234\": 21, \"229\": 25, \"473\": 3, \"474\": 3, \"475\": 3, \"476\": 3, \"417\": 4, \"477\": 3, \"418\": 4, \"572\": 2, \"256\": 17, \"222\": 27, \"188\": 38, \"478\": 3, \"573\": 2, \"574\": 2, \"210\": 29, \"306\": 9, \"479\": 3, \"332\": 7, \"307\": 9, \"333\": 7, \"419\": 4, \"575\": 2, \"480\": 3, \"251\": 18, \"235\": 21, \"317\": 8, \"287\": 11, \"350\": 6, \"257\": 16, \"308\": 9, \"420\": 4, \"309\": 9, \"421\": 4, \"351\": 6, \"265\": 14, \"422\": 4, \"423\": 4, \"383\": 5, \"334\": 7, \"266\": 14, \"273\": 13, \"481\": 3, \"228\": 26, \"384\": 5, \"424\": 4, \"267\": 14, \"425\": 4, \"426\": 4, \"482\": 3, \"576\": 2, \"385\": 5, \"386\": 5, \"268\": 14, \"483\": 3, \"427\": 4, \"387\": 5, \"428\": 4, \"577\": 2, \"318\": 8, \"274\": 13, \"429\": 4, \"388\": 5, \"430\": 4, \"297\": 10, \"319\": 8, \"578\": 2, \"320\": 8, \"389\": 5, \"431\": 4, \"432\": 4, \"433\": 4, \"579\": 2, \"580\": 2, \"581\": 2, \"352\": 6, \"582\": 2, \"583\": 2, \"584\": 2, \"585\": 2, \"586\": 2, \"288\": 11, \"335\": 7, \"239\": 20, \"275\": 13, \"484\": 3, \"310\": 9, \"298\": 10, \"264\": 15, \"390\": 5, \"434\": 4, \"391\": 5, \"269\": 14, \"587\": 2, \"321\": 8, \"485\": 3, \"588\": 2, \"311\": 9, \"322\": 8, \"336\": 7, \"323\": 8, \"353\": 6, \"589\": 2, \"590\": 2, \"279\": 12, \"435\": 4, \"591\": 2, \"436\": 4, \"486\": 3, \"487\": 3, \"592\": 2, \"593\": 2, \"594\": 2, \"488\": 3, \"489\": 3, \"354\": 6, \"289\": 11, \"312\": 9, \"324\": 8, \"313\": 9, \"270\": 14, \"392\": 5, \"595\": 2, \"596\": 2, \"314\": 9, \"597\": 2, \"437\": 4, \"337\": 7, \"598\": 2, \"599\": 2, \"490\": 3, \"600\": 2, \"601\": 2, \"491\": 3, \"602\": 2, \"603\": 2, \"604\": 2, \"438\": 4, \"492\": 3, \"493\": 3, \"494\": 3, \"495\": 3, \"496\": 3, \"605\": 2, \"497\": 3, \"393\": 5, \"394\": 5, \"299\": 10, \"606\": 2, \"607\": 2, \"355\": 6, \"608\": 2, \"439\": 4, \"440\": 4, \"609\": 2, \"610\": 2, \"611\": 2, \"612\": 2, \"395\": 5, \"613\": 2, \"441\": 4, \"614\": 2, \"498\": 3, \"442\": 4, \"499\": 3, \"615\": 2, \"356\": 6, \"443\": 4, \"396\": 5, \"616\": 2, \"617\": 2, \"618\": 2, \"619\": 2, \"620\": 2, \"621\": 2, \"397\": 5, \"357\": 6, \"444\": 4, \"445\": 4, \"500\": 3, \"501\": 3, \"358\": 6, \"622\": 2, \"623\": 2, \"624\": 2, \"258\": 16, \"502\": 3, \"503\": 3, \"359\": 6, \"625\": 2, \"325\": 8, \"626\": 2, \"446\": 4, \"504\": 3, \"505\": 3, \"398\": 5, \"716\": 1, \"280\": 12, \"627\": 2, \"360\": 6, \"506\": 3, \"361\": 6, \"628\": 2, \"717\": 1, \"718\": 1, \"629\": 2, \"399\": 5, \"719\": 1, \"720\": 1, \"721\": 1, \"630\": 2, \"631\": 2, \"632\": 2, \"633\": 2, \"507\": 3, \"722\": 1, \"723\": 1, \"724\": 1, \"725\": 1, \"726\": 1, \"508\": 3, \"338\": 7, \"400\": 5, \"727\": 1, \"728\": 1, \"634\": 2, \"635\": 2, \"729\": 1, \"636\": 2, \"509\": 3, \"637\": 2, \"638\": 2, \"730\": 1, \"731\": 1, \"732\": 1, \"733\": 1, \"734\": 1, \"735\": 1, \"401\": 5, \"736\": 1, \"339\": 7, \"447\": 4, \"737\": 1, \"738\": 1, \"326\": 8, \"402\": 5, \"739\": 1, \"639\": 2, \"510\": 3, \"511\": 3, \"740\": 1, \"741\": 1, \"742\": 1, \"640\": 2, \"512\": 3, \"513\": 3, \"362\": 6, \"514\": 3, \"515\": 3, \"516\": 3, \"517\": 3, \"743\": 1, \"744\": 1, \"745\": 1, \"746\": 1, \"363\": 6, \"747\": 1, \"748\": 1, \"641\": 2, \"518\": 3, \"749\": 1, \"750\": 1, \"642\": 2, \"643\": 2, \"751\": 1, \"752\": 1, \"753\": 1, \"754\": 1, \"755\": 1, \"756\": 1, \"644\": 2, \"757\": 1, \"758\": 1, \"759\": 1, \"403\": 5, \"760\": 1, \"761\": 1, \"448\": 4, \"762\": 1, \"763\": 1, \"645\": 2, \"764\": 1, \"646\": 2, \"519\": 3, \"520\": 3, \"404\": 5, \"765\": 1, \"647\": 2, \"648\": 2, \"649\": 2, \"766\": 1, \"767\": 1, \"768\": 1, \"769\": 1, \"770\": 1, \"650\": 2, \"449\": 4, \"651\": 2, \"652\": 2, \"771\": 1, \"772\": 1, \"653\": 2, \"364\": 6, \"450\": 4, \"521\": 3, \"654\": 2, \"365\": 6, \"773\": 1, \"774\": 1, \"775\": 1, \"522\": 3, \"655\": 2, \"656\": 2, \"451\": 4, \"776\": 1, \"777\": 1, \"778\": 1, \"657\": 2, \"779\": 1, \"780\": 1, \"781\": 1, \"782\": 1, \"523\": 3, \"783\": 1, \"784\": 1, \"658\": 2, \"785\": 1, \"524\": 3, \"786\": 1, \"787\": 1, \"525\": 3, \"788\": 1, \"789\": 1, \"659\": 2, \"790\": 1, \"660\": 2, \"791\": 1, \"792\": 1, \"793\": 1, \"794\": 1, \"340\": 7, \"661\": 2, \"452\": 4, \"662\": 2, \"795\": 1, \"663\": 2, \"796\": 1, \"797\": 1, \"798\": 1, \"799\": 1, \"800\": 1, \"801\": 1, \"664\": 2, \"665\": 2, \"802\": 1, \"666\": 2, \"667\": 2, \"668\": 2, \"803\": 1, \"804\": 1, \"805\": 1, \"526\": 3, \"669\": 2, \"453\": 4, \"454\": 4, \"806\": 1, \"807\": 1, \"808\": 1, \"809\": 1, \"670\": 2, \"810\": 1, \"811\": 1, \"812\": 1, \"813\": 1, \"671\": 2, \"814\": 1, \"527\": 3, \"815\": 1, \"816\": 1, \"817\": 1, \"818\": 1, \"528\": 3, \"819\": 1, \"820\": 1, \"529\": 3, \"821\": 1, \"822\": 1, \"823\": 1, \"824\": 1, \"825\": 1, \"672\": 2, \"826\": 1, \"827\": 1, \"828\": 1, \"829\": 1, \"830\": 1, \"831\": 1, \"673\": 2, \"674\": 2, \"832\": 1, \"833\": 1, \"455\": 4, \"675\": 2, \"834\": 1, \"676\": 2, \"835\": 1, \"836\": 1, \"677\": 2, \"678\": 2, \"837\": 1, \"838\": 1, \"839\": 1, \"530\": 3, \"531\": 3, \"840\": 1, \"532\": 3, \"841\": 1, \"842\": 1, \"843\": 1, \"679\": 2, \"844\": 1, \"845\": 1, \"846\": 1, \"680\": 2, \"847\": 1, \"848\": 1, \"849\": 1, \"850\": 1, \"851\": 1, \"681\": 2, \"366\": 6, \"682\": 2, \"683\": 2, \"684\": 2, \"685\": 2, \"533\": 3, \"852\": 1, \"300\": 10, \"853\": 1, \"854\": 1, \"855\": 1, \"856\": 1, \"405\": 5, \"534\": 3, \"686\": 2, \"857\": 1, \"858\": 1, \"687\": 2, \"456\": 4, \"367\": 6, \"368\": 6, \"859\": 1, \"860\": 1, \"861\": 1, \"862\": 1, \"688\": 2, \"863\": 1, \"864\": 1, \"865\": 1, \"866\": 1, \"867\": 1, \"868\": 1, \"869\": 1, \"406\": 5, \"870\": 1, \"871\": 1, \"872\": 1, \"873\": 1, \"874\": 1, \"689\": 2, \"535\": 3, \"457\": 4, \"536\": 3, \"875\": 1, \"690\": 2, \"691\": 2, \"876\": 1, \"877\": 1, \"878\": 1, \"692\": 2, \"693\": 2, \"694\": 2, \"537\": 3, \"695\": 2, \"879\": 1, \"880\": 1, \"881\": 1, \"882\": 1, \"883\": 1, \"884\": 1, \"885\": 1, \"886\": 1, \"887\": 1, \"696\": 2, \"888\": 1, \"889\": 1, \"890\": 1, \"891\": 1, \"892\": 1, \"697\": 2, \"893\": 1, \"894\": 1, \"895\": 1, \"538\": 3, \"698\": 2, \"699\": 2, \"896\": 1, \"897\": 1, \"898\": 1, \"899\": 1, \"900\": 1, \"901\": 1, \"902\": 1, \"903\": 1, \"904\": 1, \"905\": 1, \"906\": 1, \"907\": 1, \"700\": 2, \"908\": 1, \"909\": 1, \"910\": 1, \"911\": 1, \"912\": 1, \"701\": 2, \"913\": 1, \"914\": 1, \"915\": 1, \"702\": 2, \"916\": 1, \"917\": 1, \"918\": 1, \"703\": 2, \"919\": 1, \"920\": 1, \"704\": 2, \"705\": 2, \"921\": 1, \"922\": 1, \"923\": 1, \"924\": 1, \"925\": 1, \"926\": 1, \"927\": 1, \"928\": 1, \"929\": 1, \"930\": 1, \"931\": 1, \"932\": 1, \"933\": 1, \"934\": 1, \"935\": 1, \"706\": 2, \"936\": 1, \"707\": 2, \"937\": 1, \"938\": 1, \"708\": 2, \"939\": 1, \"940\": 1, \"941\": 1, \"942\": 1, \"943\": 1, \"539\": 3, \"944\": 1, \"945\": 1, \"946\": 1, \"947\": 1, \"948\": 1, \"949\": 1, \"950\": 1, \"951\": 1, \"952\": 1, \"953\": 1, \"954\": 1, \"955\": 1, \"956\": 1, \"957\": 1, \"958\": 1, \"959\": 1, \"960\": 1, \"961\": 1, \"962\": 1, \"963\": 1, \"964\": 1, \"965\": 1, \"966\": 1, \"967\": 1, \"968\": 1, \"969\": 1, \"970\": 1, \"709\": 2, \"971\": 1, \"972\": 1, \"973\": 1, \"974\": 1, \"975\": 1, \"976\": 1, \"977\": 1, \"978\": 1, \"979\": 1, \"980\": 1, \"981\": 1, \"540\": 3, \"982\": 1, \"541\": 3, \"710\": 2, \"711\": 2, \"983\": 1, \"984\": 1, \"985\": 1, \"986\": 1, \"987\": 1, \"988\": 1, \"989\": 1, \"712\": 2, \"990\": 1, \"991\": 1, \"992\": 1, \"993\": 1, \"994\": 1, \"995\": 1, \"996\": 1, \"713\": 2, \"997\": 1, \"998\": 1, \"999\": 1, \"1000\": 1, \"1001\": 1, \"1002\": 1, \"1003\": 1, \"1004\": 1, \"1005\": 1, \"1006\": 1, \"1007\": 1, \"1008\": 1, \"1009\": 1, \"1010\": 1}", "index_word": "{\"1\": \"<OOV>\", \"2\": \" \", \"3\": \"a\", \"4\": \"e\", \"5\": \"i\", \"6\": \"n\", \"7\": \"r\", \"8\": \"l\", \"9\": \"\\u0131\", \"10\": \"k\", \"11\": \"d\", \"12\": \"t\", \"13\": \"s\", \"14\": \"u\", \"15\": \"o\", \"16\": \"m\", \"17\": \"y\", \"18\": \"'\", \"19\": \"b\", \"20\": \"\\u00fc\", \"21\": \"\\u015f\", \"22\": \"g\", \"23\": \"z\", \"24\": \"v\", \"25\": \"h\", \"26\": \"c\", \"27\": \",\", \"28\": \"p\", \"29\": \"\\u011f\", \"30\": \"\\u00e7\", \"31\": \".\", \"32\": \"E\", \"33\": \"N\", \"34\": \"\\u00f6\", \"35\": \"A\", \"36\": \"B\", \"37\": \"M\", \"38\": \"D\", \"39\": \"\\u0130\", \"40\": \"L\", \"41\": \"R\", \"42\": \"f\", \"43\": \"Y\", \"44\": \"S\", \"45\": \"K\", \"46\": \"1\", \"47\": \"T\", \"48\": \"0\", \"49\": \"\\u00d6\", \"50\": \"-\", \"51\": \"(\", \"52\": \")\", \"53\": \"2\", \"54\": \"H\", \"55\": \"C\", \"56\": \"P\", \"57\": \"G\", \"58\": \"F\", \"59\": \"\\\"\", \"60\": \"9\", \"61\": \":\", \"62\": \"O\", \"63\": \"3\", \"64\": \"5\", \"65\": \"8\", \"66\": \"4\", \"67\": \"J\", \"68\": \"I\", \"69\": \"6\", \"70\": \"7\", \"71\": \"V\", \"72\": \"\\u015e\", \"73\": \"w\", \"74\": \"`\", \"75\": \"\\u00c7\", \"76\": \"U\", \"77\": \"j\", \"78\": \"W\", \"79\": \"*\", \"80\": \"\\u00dc\", \"81\": \"Z\", \"82\": \"/\", \"83\": \"x\", \"84\": \"=\", \"85\": \"\\u00ee\", \"86\": \";\", \"87\": \"\\u00e9\", \"88\": \"]\", \"89\": \"\\u00e2\", \"90\": \"\\u00e1\", \"91\": \"q\", \"92\": \"X\", \"93\": \"[\", \"94\": \"\\u00ed\", \"95\": \"\\u00f3\", \"96\": \"Q\", \"97\": \"\\u0107\", \"98\": \"!\", \"99\": \"+\", \"100\": \"%\", \"101\": \"\\u011e\", \"102\": \"|\", \"103\": \"&\", \"104\": \"\\u00fb\", \"105\": \"\\u00e4\", \"106\": \"\\u00e3\", \"107\": \"\\u0161\", \"108\": \"?\", \"109\": \"\\u00e8\", \"110\": \"\\u2020\", \"111\": \"\\u00c9\", \"112\": \"\\u0627\", \"113\": \"\\u0430\", \"114\": \"\\u2192\", \"115\": \"\\u00f1\", \"116\": \"\\u00fa\", \"117\": \"\\u00eb\", \"118\": \"\\u2021\", \"119\": \"\\u00e0\", \"120\": \"\\u0435\", \"121\": \"\\u043e\", \"122\": \"\\u010d\", \"123\": \"\\u0438\", \"124\": \"\\u00b2\", \"125\": \"\\u0644\", \"126\": \"\\u2022\", \"127\": \"\\u03bf\", \"128\": \"_\", \"129\": \"\\u043d\", \"130\": \"\\u0645\", \"131\": \"\\u03bd\", \"132\": \"\\u0440\", \"133\": \"\\u03b1\", \"134\": \"\\u064a\", \"135\": \"\\u00f4\", \"136\": \"\\u014d\", \"137\": \"\\u0442\", \"138\": \"$\", \"139\": \"\\u00f8\", \"140\": \"\\u0160\", \"141\": \"\\u0219\", \"142\": \"\\u0631\", \"143\": \"\\u00c2\", \"144\": \"\\u00c1\", \"145\": \"\\u03c2\", \"146\": \"\\u043a\", \"147\": \"\\u017e\", \"148\": \"\\u043b\", \"149\": \"\\u0142\", \"150\": \"\\u0101\", \"151\": \"\\u0629\", \"152\": \"\\u010c\", \"153\": \"\\u53bf\", \"154\": \"\\u0103\", \"155\": \"\\u0646\", \"156\": \"\\u0628\", \"157\": \"\\u0441\", \"158\": \"\\u00d7\", \"159\": \"\\u00ea\", \"160\": \"\\u0648\", \"161\": \"\\u00ec\", \"162\": \"\\u016b\", \"163\": \"\\u062f\", \"164\": \"\\u00e5\", \"165\": \"\\u03c4\", \"166\": \"\\u00df\", \"167\": \"\\u0144\", \"168\": \"\\u0432\", \"169\": \"\\u0151\", \"170\": \"^\", \"171\": \"\\u5e02\", \"172\": \"\\u03bb\", \"173\": \"\\u0633\", \"174\": \"\\u03b9\", \"175\": \"\\u03c1\", \"176\": \"\\u062d\", \"177\": \"\\u00b0\", \"178\": \"\\u03af\", \"179\": \"\\u05d9\", \"180\": \"\\u03c3\", \"181\": \"\\u021b\", \"182\": \"\\u0259\", \"183\": \"\\u00fd\", \"184\": \"\\u012b\", \"185\": \"\\u20ac\", \"186\": \"\\u03ba\", \"187\": \"\\u0434\", \"188\": \"\\u0433\", \"189\": \"\\u03b5\", \"190\": \"\\u0443\", \"191\": \"\\u03c5\", \"192\": \"\\u0301\", \"193\": \"\\u0639\", \"194\": \"\\u017d\", \"195\": \"\\u0421\", \"196\": \"\\u039a\", \"197\": \"\\u0642\", \"198\": \"\\u03b3\", \"199\": \">\", \"200\": \"\\u062a\", \"201\": \"\\u0641\", \"202\": \"\\u81ea\", \"203\": \"\\u6cbb\", \"204\": \"\\u00cd\", \"205\": \"\\u03bc\", \"206\": \"\\u05dc\", \"207\": \"\\u0439\", \"208\": \"\\u03cc\", \"209\": \"\\u03b7\", \"210\": \"\\u533a\", \"211\": \"\\u00f5\", \"212\": \"\\u00c5\", \"213\": \"\\u064f\", \"214\": \"\\u0391\", \"215\": \"\\u041a\", \"216\": \"\\u043c\", \"217\": \"\\u00f0\", \"218\": \"\\u0431\", \"219\": \"\\u0163\", \"220\": \"\\u00a7\", \"221\": \"\\u00e6\", \"222\": \"\\u0647\", \"223\": \"\\u03b4\", \"224\": \"\\u044b\", \"225\": \"\\u03c9\", \"226\": \"\\u03ac\", \"227\": \"\\u00f9\", \"228\": \"\\u0437\", \"229\": \"\\u0634\", \"230\": \"\\u0117\", \"231\": \"\\u00d3\", \"232\": \"\\u0410\", \"233\": \"@\", \"234\": \"\\u041f\", \"235\": \"\\u0110\", \"236\": \"\\u00c3\", \"237\": \"\\u03ae\", \"238\": \"\\u00ef\", \"239\": \"\\u0159\", \"240\": \"\\u011b\", \"241\": \"\\u00da\", \"242\": \"\\u0643\", \"243\": \"\\u044f\", \"244\": \"\\u01ce\", \"245\": \"\\u0113\", \"246\": \"\\u062e\", \"247\": \"\\u043f\", \"248\": \"\\u00f2\", \"249\": \"\\u0561\", \"250\": \"\\u03ad\", \"251\": \"\\uc2dc\", \"252\": \"\\u00a2\", \"253\": \"\\u064e\", \"254\": \"\\u0411\", \"255\": \"\\u0420\", \"256\": \"\\u062c\", \"257\": \"\\u0632\", \"258\": \"\\u0635\", \"259\": \"\\u0153\", \"260\": \"\\u0638\", \"261\": \"\\u041c\", \"262\": \"\\u0392\", \"263\": \"\\u03c0\", \"264\": \"\\u06cc\", \"265\": \"\\u6d77\", \"266\": \"\\u05de\", \"267\": \"\\u05e8\", \"268\": \"\\u0448\", \"269\": \"\\u044c\", \"270\": \"\\u5c14\", \"271\": \"\\u0412\", \"272\": \"\\u039c\", \"273\": \"\\u05dd\", \"274\": \"\\u0414\", \"275\": \"\\u0105\", \"276\": \"\\u0445\", \"277\": \"\\u0447\", \"278\": \"\\u514b\", \"279\": \"~\", \"280\": \"\\u10d0\", \"281\": \"#\", \"282\": \"\\u0148\", \"283\": \"\\u30eb\", \"284\": \"\\u0578\", \"285\": \"\\u03be\", \"286\": \"\\u00d8\", \"287\": \"\\u041d\", \"288\": \"\\u0637\", \"289\": \"\\u65b0\", \"290\": \"\\u0621\", \"291\": \"\\u0446\", \"292\": \"\\u0580\", \"293\": \"\\u0576\", \"294\": \"\\u0393\", \"295\": \"\\u1ec5\", \"296\": \"\\u01d4\", \"297\": \"\\u05d1\", \"298\": \"\\u03c6\", \"299\": \"\\u0413\", \"300\": \"\\u10e1\", \"301\": \"\\u0141\", \"302\": \"\\u0395\", \"303\": \"\\u0623\", \"304\": \"\\u0394\", \"305\": \"\\u00ff\", \"306\": \"\\u10d8\", \"307\": \"\\u10e0\", \"308\": \"\\u0399\", \"309\": \"\\u02bf\", \"310\": \"\\u03a0\", \"311\": \"\\u04c0\", \"312\": \"\\u7586\", \"313\": \"\\u543e\", \"314\": \"\\u1265\", \"315\": \"\\u0649\", \"316\": \"\\u03a3\", \"317\": \"\\u0625\", \"318\": \"\\u05e9\", \"319\": \"\\u05d5\", \"320\": \"\\u0458\", \"321\": \"\\u7530\", \"322\": \"\\u897f\", \"323\": \"\\u0375\", \"324\": \"\\u7ef4\", \"325\": \"\\u5dde\", \"326\": \"\\u2030\", \"327\": \"\\u0636\", \"328\": \"\\u063a\", \"329\": \"\\u0119\", \"330\": \"\\u05d0\", \"331\": \"\\u015a\", \"332\": \"\\u10d4\", \"333\": \"\\u10e3\", \"334\": \"\\u9053\", \"335\": \"\\u0422\", \"336\": \"\\u85cf\", \"337\": \"\\u05d4\", \"338\": \"\\u044a\", \"339\": \"\\u57ce\", \"340\": \"\\u1ea5\", \"341\": \"\\u00ce\", \"342\": \"\\uff65\", \"343\": \"\\u30f3\", \"344\": \"\\u041b\", \"345\": \"\\u056b\", \"346\": \"\\u0386\", \"347\": \"\\u6728\", \"348\": \"\\u05ea\", \"349\": \"\\uc131\", \"350\": \"\\u014c\", \"351\": \"\\u6771\", \"352\": \"\\u0650\", \"353\": \"\\u4e4c\", \"354\": \"\\u0418\", \"355\": \"\\u00b1\", \"356\": \"\\u017a\", \"357\": \"\\u0575\", \"358\": \"\\u0582\", \"359\": \"\\u011d\", \"360\": \"\\u963f\", \"361\": \"\\u0100\", \"362\": \"\\u1550\", \"363\": \"\\u015b\", \"364\": \"\\u5854\", \"365\": \"\\u5409\", \"366\": \"\\u1585\", \"367\": \"\\u8499\", \"368\": \"\\u53e4\", \"369\": \"\\u0106\", \"370\": \"\\u1ee9\", \"371\": \"\\u30a2\", \"372\": \"\\u30c9\", \"373\": \"\\u30d5\", \"374\": \"\\u00b9\", \"375\": \"\\u0456\", \"376\": \"\\u5df4\", \"377\": \"\\u54c8\", \"378\": \"\\u8428\", \"379\": \"\\u01b0\", \"380\": \"\\u758f\", \"381\": \"\\u52d2\", \"382\": \"\\uac1c\", \"383\": \"\\u9244\", \"384\": \"\\u049b\", \"385\": \"\\u0715\", \"386\": \"\\u0710\", \"387\": \"\\u01d0\", \"388\": \"\\u013d\", \"389\": \"\\u7279\", \"390\": \"\\u0169\", \"391\": \"\\u03a4\", \"392\": \"\\u06a9\", \"393\": \"\\u535a\", \"394\": \"\\u4e50\", \"395\": \"\\u03b6\", \"396\": \"\\u0398\", \"397\": \"\\u0540\", \"398\": \"\\u017b\", \"399\": \"\\u03b2\", \"400\": \"\\u044d\", \"401\": \"\\u0111\", \"402\": \"\\u548c\", \"403\": \"\\u03cd\", \"404\": \"\\u00ba\", \"405\": \"\\u03a1\", \"406\": \"\\u0622\", \"407\": \"\\u00c4\", \"408\": \"\\u00d0\", \"409\": \"\\u1ecd\", \"410\": \"\\u30a4\", \"411\": \"\\u30d2\", \"412\": \"\\u30de\", \"413\": \"\\u0563\", \"414\": \"\\u56de\", \"415\": \"\\u01a1\", \"416\": \"\\u03c7\", \"417\": \"\\u6b66\", \"418\": \"\\u1e57\", \"419\": \"\\u10da\", \"420\": \"\\u2609\", \"421\": \"\\u1e25\", \"422\": \"\\u65c5\", \"423\": \"\\u5ba2\", \"424\": \"\\u0493\", \"425\": \"\\u05e4\", \"426\": \"\\u05d7\", \"427\": \"\\u91cc\", \"428\": \"\\u05d6\", \"429\": \"\\u0436\", \"430\": \"\\u05e7\", \"431\": \"\\u522b\", \"432\": \"\\u884c\", \"433\": \"\\u653f\", \"434\": \"\\u0129\", \"435\": \"\\u9060\", \"436\": \"\\uff5e\", \"437\": \"\\u05e2\", \"438\": \"\\u039d\", \"439\": \"\\u0423\", \"440\": \"\\u018e\", \"441\": \"\\u30fc\", \"442\": \"\\u30c3\", \"443\": \"\\u5340\", \"444\": \"\\u056f\", \"445\": \"\\u054d\", \"446\": \"\\u044e\", \"447\": \"\\u30c8\", \"448\": \"\\u02bb\", \"449\": \"\\u0bcd\", \"450\": \"\\u4ec0\", \"451\": \"\\u201e\", \"452\": \"\\u041e\", \"453\": \"{\", \"454\": \"}\", \"455\": \"\\u014f\", \"456\": \"\\u5185\", \"457\": \"\\u10d5\", \"458\": \"\\uae40\", \"459\": \"\\u91d1\", \"460\": \"\\u4e09\", \"461\": \"\\u5c71\", \"462\": \"\\u0121\", \"463\": \"\\u53f0\", \"464\": \"\\u65af\", \"465\": \"\\u12cb\", \"466\": \"\\u057f\", \"467\": \"\\u660c\", \"468\": \"\\u6c11\", \"469\": \"\\u6fdf\", \"470\": \"\\u5b81\", \"471\": \"\\u00de\", \"472\": \"\\u68d7\", \"473\": \"\\ub178\", \"474\": \"\\ubb34\", \"475\": \"\\ud604\", \"476\": \"\\u76e7\", \"477\": \"\\u9249\", \"478\": \"\\u767d\", \"479\": \"\\u10db\", \"480\": \"\\uc8fc\", \"481\": \"\\u049a\", \"482\": \"\\u0712\", \"483\": \"\\u6258\", \"484\": \"\\u0396\", \"485\": \"\\u7dcf\", \"486\": \"\\u304f\", \"487\": \"\\u306b\", \"488\": \"\\u304b\", \"489\": \"\\u308a\", \"490\": \"\\u5c09\", \"491\": \"\\u666e\", \"492\": \"\\u661f\", \"493\": \"\\uff08\", \"494\": \"\\u6b63\", \"495\": \"\\u9762\", \"496\": \"\\uff09\", \"497\": \"<\", \"498\": \"\\u30b2\", \"499\": \"\\u30d9\", \"500\": \"\\u0533\", \"501\": \"\\u0565\", \"502\": \"\\u1e5f\", \"503\": \"\\u1e6f\", \"504\": \"\\u1ec7\", \"505\": \"\\u82cf\", \"506\": \"\\u6cf0\", \"507\": \"\\u12eb\", \"508\": \"\\u0428\", \"509\": \"\\u07b0\", \"510\": \"\\u1eed\", \"511\": \"\\u1ed1\", \"512\": \"\\u1455\", \"513\": \"\\u14d7\", \"514\": \"\\u152a\", \"515\": \"\\u140a\", \"516\": \"\\u1483\", \"517\": \"\\u0416\", \"518\": \"\\u2190\", \"519\": \"\\u0444\", \"520\": \"\\u0457\", \"521\": \"\\u5e93\", \"522\": \"\\u03b8\", \"523\": \"\\u6cb3\", \"524\": \"\\u5c11\", \"525\": \"\\u040e\", \"526\": \"\\u9644\", \"527\": \"\\u5e03\", \"528\": \"\\uc9c1\", \"529\": \"\\u1ebf\", \"530\": \"\\u0722\", \"531\": \"\\u0718\", \"532\": \"\\u072a\", \"533\": \"\\u5927\", \"534\": \"\\u039b\", \"535\": \"\\u10d7\", \"536\": \"\\u10dd\", \"537\": \"\\u65cf\", \"538\": \"\\u0584\", \"539\": \"\\u071f\", \"540\": \"\\u65e5\", \"541\": \"\\u672c\", \"542\": \"\\uc601\", \"543\": \"\\uc0bc\", \"544\": \"\\u6cf3\", \"545\": \"\\u76ae\", \"546\": \"\\u8f6e\", \"547\": \"\\u739b\", \"548\": \"\\u7eb3\", \"549\": \"\\u12f5\", \"550\": \"\\u122c\", \"551\": \"\\u12f3\", \"552\": \"\\u1e5b\", \"553\": \"\\u0531\", \"554\": \"\\u056e\", \"555\": \"\\u9ad8\", \"556\": \"\\u9dbb\", \"557\": \"\\u045e\", \"558\": \"\\u4e30\", \"559\": \"\\u695a\", \"560\": \"\\u038a\", \"561\": \"\\u5be7\", \"562\": \"\\u6d4e\", \"563\": \"\\u5792\", \"564\": \"\\u8fd1\", \"565\": \"\\u85e4\", \"566\": \"\\u52c7\", \"567\": \"\\u614e\", \"568\": \"\\uacf5\", \"569\": \"\\uc5c5\", \"570\": \"\\uc9c0\", \"571\": \"\\uad6c\", \"572\": \"\\u04a7\", \"573\": \"\\u78b1\", \"574\": \"\\u6ee9\", \"575\": \"\\ud574\", \"576\": \"\\u0713\", \"577\": \"\\u05da\", \"578\": \"\\u0409\", \"579\": \"\\u6f4d\", \"580\": \"\\u574a\", \"581\": \"\\u064d\", \"582\": \"\\u05b8\", \"583\": \"\\u05e6\", \"584\": \"\\u05f2\", \"585\": \"\\u05b7\", \"586\": \"\\u05d8\", \"587\": \"\\u6c96\", \"588\": \"\\u53f8\", \"589\": \"\\u6070\", \"590\": \"\\u05e1\", \"591\": \"\\u96f7\", \"592\": \"\\u3042\", \"593\": \"\\u308b\", \"594\": \"\\u660e\", \"595\": \"\\u12f0\", \"596\": \"\\u1261\", \"597\": \"\\u1215\", \"598\": \"\\u5750\", \"599\": \"\\u7985\", \"600\": \"\\u7281\", \"601\": \"\\u5cb3\", \"602\": \"\\u6e56\", \"603\": \"\\u9999\", \"604\": \"\\u6e2f\", \"605\": \"\\u015d\", \"606\": \"\\u12d3\", \"607\": \"\\u1233\", \"608\": \"\\u0192\", \"609\": \"\\u82e5\", \"610\": \"\\u7f8c\", \"611\": \"\\u6d1b\", \"612\": \"\\u6d66\", \"613\": \"\\u30e8\", \"614\": \"\\u30bc\", \"615\": \"\\u30b9\", \"616\": \"\\ud568\", \"617\": \"\\ud765\", \"618\": \"\\u9234\", \"619\": \"\\u8cb4\", \"620\": \"\\u7537\", \"621\": \"\\u4e0a\", \"622\": \"\\u053d\", \"623\": \"\\u0570\", \"624\": \"\\u0564\", \"625\": \"\\u6ff1\", \"626\": \"\\u6ee8\", \"627\": \"\\u10ee\", \"628\": \"\\u0535\", \"629\": \"\\u016f\", \"630\": \"\\u12a2\", \"631\": \"\\u1275\", \"632\": \"\\u12ee\", \"633\": \"\\u1335\", \"634\": \"\\u07aa\", \"635\": \"\\u0796\", \"636\": \"\\u0787\", \"637\": \"\\u0783\", \"638\": \"\\u07a7\", \"639\": \"\\u6c5f\", \"640\": \"\\u2299\", \"641\": \"\\u1e35\", \"642\": \"\\u5510\", \"643\": \"\\u671d\", \"644\": \"\\u4e8e\", \"645\": \"\\uc6d0\", \"646\": \"\\u1e2a\", \"647\": \"\\u5ddd\", \"648\": \"\\u5bb6\", \"649\": \"\\u5eb7\", \"650\": \"\\u0b99\", \"651\": \"\\u0b95\", \"652\": \"\\u0baa\", \"653\": \"\\u5764\", \"654\": \"\\u5e72\", \"655\": \"\\u03a5\", \"656\": \"\\u03ce\", \"657\": \"\\u30dc\", \"658\": \"\\u6c99\", \"659\": \"\\u02bc\", \"660\": \"\\u63d0\", \"661\": \"\\u1ea1\", \"662\": \"\\u82f1\", \"663\": \"\\u09be\", \"664\": \"\\u0425\", \"665\": \"\\u0686\", \"666\": \"\\u0449\", \"667\": \"\\u56fd\", \"668\": \"\\u5b89\", \"669\": \"\\u6cfd\", \"670\": \"\\ub9bc\", \"671\": \"\\u8f66\", \"672\": \"\\u6e05\", \"673\": \"\\u4f0a\", \"674\": \"\\u6e29\", \"675\": \"\\ud3c9\", \"676\": \"\\ud560\", \"677\": \"\\u76f4\", \"678\": \"\\u8f44\", \"679\": \"\\uc0b0\", \"680\": \"\\u30fb\", \"681\": \"\\u1405\", \"682\": \"\\u14f1\", \"683\": \"\\u1451\", \"684\": \"\\u00a3\", \"685\": \"\\u6d25\", \"686\": \"\\u0397\", \"687\": \"\\u045c\", \"688\": \"\\u9752\", \"689\": \"\\u10e5\", \"690\": \"\\u10d6\", \"691\": \"\\u017c\", \"692\": \"\\uc120\", \"693\": \"\\u7109\", \"694\": \"\\u8006\", \"695\": \"\\u83cf\", \"696\": \"\\u304d\", \"697\": \"\\u0651\", \"698\": \"\\u1ed7\", \"699\": \"\\u1e60\", \"700\": \"\\u0388\", \"701\": \"\\u5730\", \"702\": \"\\u057e\", \"703\": \"\\u4e5d\", \"704\": \"\\u0415\", \"705\": \"\\u04a3\", \"706\": \"\\u122b\", \"707\": \"\\u12ca\", \"708\": \"\\u12ad\", \"709\": \"\\u071d\", \"710\": \"\\u8ca8\", \"711\": \"\\u7269\", \"712\": \"\\u6c82\", \"713\": \"\\u5317\", \"714\": \"\\ud83d\\ude33\", \"715\": \"\\ud83d\\ude02\", \"716\": \"\\u10d9\", \"717\": \"\\u0587\", \"718\": \"\\u9676\", \"719\": \"\\u03c8\", \"720\": \"\\u05c1\", \"721\": \"\\u05db\", \"722\": \"\\u6dc4\", \"723\": \"\\u840a\", \"724\": \"\\u856a\", \"725\": \"\\u83b1\", \"726\": \"\\u829c\", \"727\": \"\\u5c3c\", \"728\": \"\\u078e\", \"729\": \"\\u07ad\", \"730\": \"\\u0794\", \"731\": \"\\u07a8\", \"732\": \"\\u0780\", \"733\": \"\\u07ab\", \"734\": \"\\u0789\", \"735\": \"\\u900a\", \"736\": \"\\u53f6\", \"737\": \"\\u30e9\", \"738\": \"\\u0630\", \"739\": \"\\u95fd\", \"740\": \"\\u5a01\", \"741\": \"\\uac15\", \"742\": \"\\uacc4\", \"743\": \"\\ub0a8\", \"744\": \"\\ud3ec\", \"745\": \"\\ud2b9\", \"746\": \"\\ubcc4\", \"747\": \"\\u04d9\", \"748\": \"\\u04b9\", \"749\": \"\\u121d\", \"750\": \"\\u133d\", \"751\": \"\\u594e\", \"752\": \"\\u5c6f\", \"753\": \"\\u054a\", \"754\": \"\\u5410\", \"755\": \"\\u9c81\", \"756\": \"\\u756a\", \"757\": \"\\u1eaf\", \"758\": \"\\u859b\", \"759\": \"\\u0173\", \"760\": \"\\u0218\", \"761\": \"\\u02d0\", \"762\": \"\\uc0ac\", \"763\": \"\\ub9ac\", \"764\": \"\\u0389\", \"765\": \"\\u5fb3\", \"766\": \"\\u961c\", \"767\": \"\\u2113\", \"768\": \"\\u1e45\", \"769\": \"\\u0b9a\", \"770\": \"\\u0bbf\", \"771\": \"\\u0bc2\", \"772\": \"\\u0bb0\", \"773\": \"\\u5de9\", \"774\": \"\\u7559\", \"775\": \"\\u01d2\", \"776\": \"\\uff1b\", \"777\": \"\\u30ab\", \"778\": \"\\u30a6\", \"779\": \"\\u30d3\", \"780\": \"\\u30d0\", \"781\": \"\\u30d7\", \"782\": \"\\u201f\", \"783\": \"\\u79be\", \"784\": \"\\u5357\", \"785\": \"\\u6e7e\", \"786\": \"\\u4f50\", \"787\": \"\\u016c\", \"788\": \"\\u4e14\", \"789\": \"\\u672b\", \"790\": \"\\u74e6\", \"791\": \"\\u838a\", \"792\": \"\\u67a3\", \"793\": \"\\u5e84\", \"794\": \"\\u5580\", \"795\": \"\\u09ac\", \"796\": \"\\u0982\", \"797\": \"\\u09b2\", \"798\": \"\\u09a6\", \"799\": \"\\u09c7\", \"800\": \"\\u09b6\", \"801\": \"\\u5c06\", \"802\": \"\\u06b5\", \"803\": \"\\u5168\", \"804\": \"\\u90e8\", \"805\": \"\\u5fb7\", \"806\": \"\\u010e\", \"807\": \"\\uac00\", \"808\": \"\\uc704\", \"809\": \"\\ub20c\", \"810\": \"\\u042e\", \"811\": \"\\u200f\", \"812\": \"\\u062b\", \"813\": \"\\u838e\", \"814\": \"\\u5bdf\", \"815\": \"\\u67e5\", \"816\": \"\\u9521\", \"817\": \"\\u4f2f\", \"818\": \"\\ubba4\", \"819\": \"\\ubc45\", \"820\": \"\\ud06c\", \"821\": \"\\u0928\", \"822\": \"\\u0947\", \"823\": \"\\u092a\", \"824\": \"\\u093e\", \"825\": \"\\u0932\", \"826\": \"\\u30c6\", \"827\": \"\\u30a3\", \"828\": \"\\u67ef\", \"829\": \"\\u576a\", \"830\": \"\\u1e6d\", \"831\": \"\\u2033\", \"832\": \"\\u6cc9\", \"833\": \"\\u7cbe\", \"834\": \"\\uc591\", \"835\": \"\\u5e73\", \"836\": \"\\u58cc\", \"837\": \"\\u571f\", \"838\": \"\\u65b9\", \"839\": \"\\u6b73\", \"840\": \"\\u0717\", \"841\": \"\\u9ea6\", \"842\": \"\\u76d6\", \"843\": \"\\ud61c\", \"844\": \"\\u0424\", \"845\": \"\\u00ae\", \"846\": \"\\u30af\", \"847\": \"\\u30ea\", \"848\": \"\\u30e3\", \"849\": \"\\u30be\", \"850\": \"\\u04e3\", \"851\": \"\\u04b7\", \"852\": \"\\u5b66\", \"853\": \"\\u2666\", \"854\": \"\\u05d2\", \"855\": \"\\u05e0\", \"856\": \"\\u05df\", \"857\": \"\\u039f\", \"858\": \"\\u88d5\", \"859\": \"\\u5167\", \"860\": \"\\u7dad\", \"861\": \"\\u723e\", \"862\": \"\\u03a7\", \"863\": \"\\u5cf6\", \"864\": \"\\u5c9b\", \"865\": \"\\u3002\", \"866\": \"\\u8d5b\", \"867\": \"\\u72ec\", \"868\": \"\\u5b50\", \"869\": \"\\u06af\", \"870\": \"\\u0f61\", \"871\": \"\\u0f58\", \"872\": \"\\u0fa6\", \"873\": \"\\u0f74\", \"874\": \"\\u0f0d\", \"875\": \"\\u10d3\", \"876\": \"\\u2207\", \"877\": \"\\u0417\", \"878\": \"\\uc870\", \"879\": \"\\u6fa4\", \"880\": \"\\u00c6\", \"881\": \"\\u30e2\", \"882\": \"\\u30b4\", \"883\": \"\\u30c1\", \"884\": \"\\u7e54\", \"885\": \"\\u4fe1\", \"886\": \"\\u9577\", \"887\": \"\\u3059\", \"888\": \"\\u713c\", \"889\": \"\\u8fbf\", \"890\": \"\\u7740\", \"891\": \"\\u5834\", \"892\": \"\\u6240\", \"893\": \"\\u0384\", \"894\": \"\\u9759\", \"895\": \"\\u053f\", \"896\": \"\\u6a39\", \"897\": \"\\u03a6\", \"898\": \"\\u71df\", \"899\": \"\\u4e1c\", \"900\": \"\\u8425\", \"901\": \"\\u1ea3\", \"902\": \"\\u00b6\", \"903\": \"\\uccad\", \"904\": \"\\uc9c4\", \"905\": \"\\u0406\", \"906\": \"\\u0454\", \"907\": \"\\uc1a1\", \"908\": \"\\uc2e0\", \"909\": \"\\uc758\", \"910\": \"\\u662d\", \"911\": \"\\u5e7f\", \"912\": \"\\u58ee\", \"913\": \"\\u1ef3\", \"914\": \"\\u10e8\", \"915\": \"\\u054f\", \"916\": \"\\u0577\", \"917\": \"\\u7d71\", \"918\": \"\\u738b\", \"919\": \"\\u540c\", \"920\": \"\\u5fc3\", \"921\": \"\\u0572\", \"922\": \"\\u4e49\", \"923\": \"\\u02be\", \"924\": \"\\u067e\", \"925\": \"\\u0688\", \"926\": \"\\u547c\", \"927\": \"\\u56fe\", \"928\": \"\\u58c1\", \"929\": \"\\u0120\", \"930\": \"\\ub77c\", \"931\": \"\\u7f85\", \"932\": \"\\u5148\", \"933\": \"\\u12e8\", \"934\": \"\\u134c\", \"935\": \"\\u12f4\", \"936\": \"\\u120b\", \"937\": \"\\u12f2\", \"938\": \"\\u121e\", \"939\": \"\\u1232\", \"940\": \"\\u122a\", \"941\": \"\\u1350\", \"942\": \"\\u120a\", \"943\": \"\\u012a\", \"944\": \"\\u10dc\", \"945\": \"\\u10d1\", \"946\": \"\\u10ed\", \"947\": \"\\ud6a8\", \"948\": \"\\ub9b0\", \"949\": \"\\u6839\", \"950\": \"\\u4f1f\", \"951\": \"\\u798f\", \"952\": \"\\u016d\", \"953\": \"\\u1780\", \"954\": \"\\u1798\", \"955\": \"\\u17d2\", \"956\": \"\\u1796\", \"957\": \"\\u17bb\", \"958\": \"\\u1787\", \"959\": \"\\u17b6\", \"960\": \"\\ub300\", \"961\": \"\\uc911\", \"962\": \"\\u4e2d\", \"963\": \"\\u804a\", \"964\": \"\\u1ea7\", \"965\": \"\\u674e\", \"966\": \"\\u73ae\", \"967\": \"\\u950b\", \"968\": \"\\u4f3d\", \"969\": \"\\u5e08\", \"970\": \"\\u203a\", \"971\": \"\\u0720\", \"972\": \"\\u5408\", \"973\": \"\\u5947\", \"974\": \"\\u7159\", \"975\": \"\\u81fa\", \"976\": \"\\u70df\", \"977\": \"\\u5bcc\", \"978\": \"\\u8574\", \"979\": \"\\u053b\", \"980\": \"\\u652f\", \"981\": \"\\u5e81\", \"982\": \"\\u7167\", \"983\": \"\\u2295\", \"984\": \"\\u25ac\", \"985\": \"\\u0b87\", \"986\": \"\\u0bb2\", \"987\": \"\\u0bc8\", \"988\": \"\\u018f\", \"989\": \"\\u81e8\", \"990\": \"\\u4e34\", \"991\": \"\\u05b4\", \"992\": \"\\u05d3\", \"993\": \"\\u00aa\", \"994\": \"\\u307b\", \"995\": \"\\u3093\", \"996\": \"\\u3044\", \"997\": \"\\u6e90\", \"998\": \"\\u900f\", \"999\": \"\\u958b\", \"1000\": \"\\u62dc\", \"1001\": \"\\u59da\", \"1002\": \"\\u8d1d\", \"1003\": \"\\u5a1c\", \"1004\": \"\\u4eac\", \"1005\": \"\\u90fd\", \"1006\": \"\\u5343\", \"1007\": \"\\u4ee3\", \"1008\": \"\\u5bbf\", \"1009\": \"\\u90e1\", \"1010\": \"\\u4e43\"}", "word_index": "{\"<OOV>\": 1, \" \": 2, \"a\": 3, \"e\": 4, \"i\": 5, \"n\": 6, \"r\": 7, \"l\": 8, \"\\u0131\": 9, \"k\": 10, \"d\": 11, \"t\": 12, \"s\": 13, \"u\": 14, \"o\": 15, \"m\": 16, \"y\": 17, \"'\": 18, \"b\": 19, \"\\u00fc\": 20, \"\\u015f\": 21, \"g\": 22, \"z\": 23, \"v\": 24, \"h\": 25, \"c\": 26, \",\": 27, \"p\": 28, \"\\u011f\": 29, \"\\u00e7\": 30, \".\": 31, \"E\": 32, \"N\": 33, \"\\u00f6\": 34, \"A\": 35, \"B\": 36, \"M\": 37, \"D\": 38, \"\\u0130\": 39, \"L\": 40, \"R\": 41, \"f\": 42, \"Y\": 43, \"S\": 44, \"K\": 45, \"1\": 46, \"T\": 47, \"0\": 48, \"\\u00d6\": 49, \"-\": 50, \"(\": 51, \")\": 52, \"2\": 53, \"H\": 54, \"C\": 55, \"P\": 56, \"G\": 57, \"F\": 58, \"\\\"\": 59, \"9\": 60, \":\": 61, \"O\": 62, \"3\": 63, \"5\": 64, \"8\": 65, \"4\": 66, \"J\": 67, \"I\": 68, \"6\": 69, \"7\": 70, \"V\": 71, \"\\u015e\": 72, \"w\": 73, \"`\": 74, \"\\u00c7\": 75, \"U\": 76, \"j\": 77, \"W\": 78, \"*\": 79, \"\\u00dc\": 80, \"Z\": 81, \"/\": 82, \"x\": 83, \"=\": 84, \"\\u00ee\": 85, \";\": 86, \"\\u00e9\": 87, \"]\": 88, \"\\u00e2\": 89, \"\\u00e1\": 90, \"q\": 91, \"X\": 92, \"[\": 93, \"\\u00ed\": 94, \"\\u00f3\": 95, \"Q\": 96, \"\\u0107\": 97, \"!\": 98, \"+\": 99, \"%\": 100, \"\\u011e\": 101, \"|\": 102, \"&\": 103, \"\\u00fb\": 104, \"\\u00e4\": 105, \"\\u00e3\": 106, \"\\u0161\": 107, \"?\": 108, \"\\u00e8\": 109, \"\\u2020\": 110, \"\\u00c9\": 111, \"\\u0627\": 112, \"\\u0430\": 113, \"\\u2192\": 114, \"\\u00f1\": 115, \"\\u00fa\": 116, \"\\u00eb\": 117, \"\\u2021\": 118, \"\\u00e0\": 119, \"\\u0435\": 120, \"\\u043e\": 121, \"\\u010d\": 122, \"\\u0438\": 123, \"\\u00b2\": 124, \"\\u0644\": 125, \"\\u2022\": 126, \"\\u03bf\": 127, \"_\": 128, \"\\u043d\": 129, \"\\u0645\": 130, \"\\u03bd\": 131, \"\\u0440\": 132, \"\\u03b1\": 133, \"\\u064a\": 134, \"\\u00f4\": 135, \"\\u014d\": 136, \"\\u0442\": 137, \"$\": 138, \"\\u00f8\": 139, \"\\u0160\": 140, \"\\u0219\": 141, \"\\u0631\": 142, \"\\u00c2\": 143, \"\\u00c1\": 144, \"\\u03c2\": 145, \"\\u043a\": 146, \"\\u017e\": 147, \"\\u043b\": 148, \"\\u0142\": 149, \"\\u0101\": 150, \"\\u0629\": 151, \"\\u010c\": 152, \"\\u53bf\": 153, \"\\u0103\": 154, \"\\u0646\": 155, \"\\u0628\": 156, \"\\u0441\": 157, \"\\u00d7\": 158, \"\\u00ea\": 159, \"\\u0648\": 160, \"\\u00ec\": 161, \"\\u016b\": 162, \"\\u062f\": 163, \"\\u00e5\": 164, \"\\u03c4\": 165, \"\\u00df\": 166, \"\\u0144\": 167, \"\\u0432\": 168, \"\\u0151\": 169, \"^\": 170, \"\\u5e02\": 171, \"\\u03bb\": 172, \"\\u0633\": 173, \"\\u03b9\": 174, \"\\u03c1\": 175, \"\\u062d\": 176, \"\\u00b0\": 177, \"\\u03af\": 178, \"\\u05d9\": 179, \"\\u03c3\": 180, \"\\u021b\": 181, \"\\u0259\": 182, \"\\u00fd\": 183, \"\\u012b\": 184, \"\\u20ac\": 185, \"\\u03ba\": 186, \"\\u0434\": 187, \"\\u0433\": 188, \"\\u03b5\": 189, \"\\u0443\": 190, \"\\u03c5\": 191, \"\\u0301\": 192, \"\\u0639\": 193, \"\\u017d\": 194, \"\\u0421\": 195, \"\\u039a\": 196, \"\\u0642\": 197, \"\\u03b3\": 198, \">\": 199, \"\\u062a\": 200, \"\\u0641\": 201, \"\\u81ea\": 202, \"\\u6cbb\": 203, \"\\u00cd\": 204, \"\\u03bc\": 205, \"\\u05dc\": 206, \"\\u0439\": 207, \"\\u03cc\": 208, \"\\u03b7\": 209, \"\\u533a\": 210, \"\\u00f5\": 211, \"\\u00c5\": 212, \"\\u064f\": 213, \"\\u0391\": 214, \"\\u041a\": 215, \"\\u043c\": 216, \"\\u00f0\": 217, \"\\u0431\": 218, \"\\u0163\": 219, \"\\u00a7\": 220, \"\\u00e6\": 221, \"\\u0647\": 222, \"\\u03b4\": 223, \"\\u044b\": 224, \"\\u03c9\": 225, \"\\u03ac\": 226, \"\\u00f9\": 227, \"\\u0437\": 228, \"\\u0634\": 229, \"\\u0117\": 230, \"\\u00d3\": 231, \"\\u0410\": 232, \"@\": 233, \"\\u041f\": 234, \"\\u0110\": 235, \"\\u00c3\": 236, \"\\u03ae\": 237, \"\\u00ef\": 238, \"\\u0159\": 239, \"\\u011b\": 240, \"\\u00da\": 241, \"\\u0643\": 242, \"\\u044f\": 243, \"\\u01ce\": 244, \"\\u0113\": 245, \"\\u062e\": 246, \"\\u043f\": 247, \"\\u00f2\": 248, \"\\u0561\": 249, \"\\u03ad\": 250, \"\\uc2dc\": 251, \"\\u00a2\": 252, \"\\u064e\": 253, \"\\u0411\": 254, \"\\u0420\": 255, \"\\u062c\": 256, \"\\u0632\": 257, \"\\u0635\": 258, \"\\u0153\": 259, \"\\u0638\": 260, \"\\u041c\": 261, \"\\u0392\": 262, \"\\u03c0\": 263, \"\\u06cc\": 264, \"\\u6d77\": 265, \"\\u05de\": 266, \"\\u05e8\": 267, \"\\u0448\": 268, \"\\u044c\": 269, \"\\u5c14\": 270, \"\\u0412\": 271, \"\\u039c\": 272, \"\\u05dd\": 273, \"\\u0414\": 274, \"\\u0105\": 275, \"\\u0445\": 276, \"\\u0447\": 277, \"\\u514b\": 278, \"~\": 279, \"\\u10d0\": 280, \"#\": 281, \"\\u0148\": 282, \"\\u30eb\": 283, \"\\u0578\": 284, \"\\u03be\": 285, \"\\u00d8\": 286, \"\\u041d\": 287, \"\\u0637\": 288, \"\\u65b0\": 289, \"\\u0621\": 290, \"\\u0446\": 291, \"\\u0580\": 292, \"\\u0576\": 293, \"\\u0393\": 294, \"\\u1ec5\": 295, \"\\u01d4\": 296, \"\\u05d1\": 297, \"\\u03c6\": 298, \"\\u0413\": 299, \"\\u10e1\": 300, \"\\u0141\": 301, \"\\u0395\": 302, \"\\u0623\": 303, \"\\u0394\": 304, \"\\u00ff\": 305, \"\\u10d8\": 306, \"\\u10e0\": 307, \"\\u0399\": 308, \"\\u02bf\": 309, \"\\u03a0\": 310, \"\\u04c0\": 311, \"\\u7586\": 312, \"\\u543e\": 313, \"\\u1265\": 314, \"\\u0649\": 315, \"\\u03a3\": 316, \"\\u0625\": 317, \"\\u05e9\": 318, \"\\u05d5\": 319, \"\\u0458\": 320, \"\\u7530\": 321, \"\\u897f\": 322, \"\\u0375\": 323, \"\\u7ef4\": 324, \"\\u5dde\": 325, \"\\u2030\": 326, \"\\u0636\": 327, \"\\u063a\": 328, \"\\u0119\": 329, \"\\u05d0\": 330, \"\\u015a\": 331, \"\\u10d4\": 332, \"\\u10e3\": 333, \"\\u9053\": 334, \"\\u0422\": 335, \"\\u85cf\": 336, \"\\u05d4\": 337, \"\\u044a\": 338, \"\\u57ce\": 339, \"\\u1ea5\": 340, \"\\u00ce\": 341, \"\\uff65\": 342, \"\\u30f3\": 343, \"\\u041b\": 344, \"\\u056b\": 345, \"\\u0386\": 346, \"\\u6728\": 347, \"\\u05ea\": 348, \"\\uc131\": 349, \"\\u014c\": 350, \"\\u6771\": 351, \"\\u0650\": 352, \"\\u4e4c\": 353, \"\\u0418\": 354, \"\\u00b1\": 355, \"\\u017a\": 356, \"\\u0575\": 357, \"\\u0582\": 358, \"\\u011d\": 359, \"\\u963f\": 360, \"\\u0100\": 361, \"\\u1550\": 362, \"\\u015b\": 363, \"\\u5854\": 364, \"\\u5409\": 365, \"\\u1585\": 366, \"\\u8499\": 367, \"\\u53e4\": 368, \"\\u0106\": 369, \"\\u1ee9\": 370, \"\\u30a2\": 371, \"\\u30c9\": 372, \"\\u30d5\": 373, \"\\u00b9\": 374, \"\\u0456\": 375, \"\\u5df4\": 376, \"\\u54c8\": 377, \"\\u8428\": 378, \"\\u01b0\": 379, \"\\u758f\": 380, \"\\u52d2\": 381, \"\\uac1c\": 382, \"\\u9244\": 383, \"\\u049b\": 384, \"\\u0715\": 385, \"\\u0710\": 386, \"\\u01d0\": 387, \"\\u013d\": 388, \"\\u7279\": 389, \"\\u0169\": 390, \"\\u03a4\": 391, \"\\u06a9\": 392, \"\\u535a\": 393, \"\\u4e50\": 394, \"\\u03b6\": 395, \"\\u0398\": 396, \"\\u0540\": 397, \"\\u017b\": 398, \"\\u03b2\": 399, \"\\u044d\": 400, \"\\u0111\": 401, \"\\u548c\": 402, \"\\u03cd\": 403, \"\\u00ba\": 404, \"\\u03a1\": 405, \"\\u0622\": 406, \"\\u00c4\": 407, \"\\u00d0\": 408, \"\\u1ecd\": 409, \"\\u30a4\": 410, \"\\u30d2\": 411, \"\\u30de\": 412, \"\\u0563\": 413, \"\\u56de\": 414, \"\\u01a1\": 415, \"\\u03c7\": 416, \"\\u6b66\": 417, \"\\u1e57\": 418, \"\\u10da\": 419, \"\\u2609\": 420, \"\\u1e25\": 421, \"\\u65c5\": 422, \"\\u5ba2\": 423, \"\\u0493\": 424, \"\\u05e4\": 425, \"\\u05d7\": 426, \"\\u91cc\": 427, \"\\u05d6\": 428, \"\\u0436\": 429, \"\\u05e7\": 430, \"\\u522b\": 431, \"\\u884c\": 432, \"\\u653f\": 433, \"\\u0129\": 434, \"\\u9060\": 435, \"\\uff5e\": 436, \"\\u05e2\": 437, \"\\u039d\": 438, \"\\u0423\": 439, \"\\u018e\": 440, \"\\u30fc\": 441, \"\\u30c3\": 442, \"\\u5340\": 443, \"\\u056f\": 444, \"\\u054d\": 445, \"\\u044e\": 446, \"\\u30c8\": 447, \"\\u02bb\": 448, \"\\u0bcd\": 449, \"\\u4ec0\": 450, \"\\u201e\": 451, \"\\u041e\": 452, \"{\": 453, \"}\": 454, \"\\u014f\": 455, \"\\u5185\": 456, \"\\u10d5\": 457, \"\\uae40\": 458, \"\\u91d1\": 459, \"\\u4e09\": 460, \"\\u5c71\": 461, \"\\u0121\": 462, \"\\u53f0\": 463, \"\\u65af\": 464, \"\\u12cb\": 465, \"\\u057f\": 466, \"\\u660c\": 467, \"\\u6c11\": 468, \"\\u6fdf\": 469, \"\\u5b81\": 470, \"\\u00de\": 471, \"\\u68d7\": 472, \"\\ub178\": 473, \"\\ubb34\": 474, \"\\ud604\": 475, \"\\u76e7\": 476, \"\\u9249\": 477, \"\\u767d\": 478, \"\\u10db\": 479, \"\\uc8fc\": 480, \"\\u049a\": 481, \"\\u0712\": 482, \"\\u6258\": 483, \"\\u0396\": 484, \"\\u7dcf\": 485, \"\\u304f\": 486, \"\\u306b\": 487, \"\\u304b\": 488, \"\\u308a\": 489, \"\\u5c09\": 490, \"\\u666e\": 491, \"\\u661f\": 492, \"\\uff08\": 493, \"\\u6b63\": 494, \"\\u9762\": 495, \"\\uff09\": 496, \"<\": 497, \"\\u30b2\": 498, \"\\u30d9\": 499, \"\\u0533\": 500, \"\\u0565\": 501, \"\\u1e5f\": 502, \"\\u1e6f\": 503, \"\\u1ec7\": 504, \"\\u82cf\": 505, \"\\u6cf0\": 506, \"\\u12eb\": 507, \"\\u0428\": 508, \"\\u07b0\": 509, \"\\u1eed\": 510, \"\\u1ed1\": 511, \"\\u1455\": 512, \"\\u14d7\": 513, \"\\u152a\": 514, \"\\u140a\": 515, \"\\u1483\": 516, \"\\u0416\": 517, \"\\u2190\": 518, \"\\u0444\": 519, \"\\u0457\": 520, \"\\u5e93\": 521, \"\\u03b8\": 522, \"\\u6cb3\": 523, \"\\u5c11\": 524, \"\\u040e\": 525, \"\\u9644\": 526, \"\\u5e03\": 527, \"\\uc9c1\": 528, \"\\u1ebf\": 529, \"\\u0722\": 530, \"\\u0718\": 531, \"\\u072a\": 532, \"\\u5927\": 533, \"\\u039b\": 534, \"\\u10d7\": 535, \"\\u10dd\": 536, \"\\u65cf\": 537, \"\\u0584\": 538, \"\\u071f\": 539, \"\\u65e5\": 540, \"\\u672c\": 541, \"\\uc601\": 542, \"\\uc0bc\": 543, \"\\u6cf3\": 544, \"\\u76ae\": 545, \"\\u8f6e\": 546, \"\\u739b\": 547, \"\\u7eb3\": 548, \"\\u12f5\": 549, \"\\u122c\": 550, \"\\u12f3\": 551, \"\\u1e5b\": 552, \"\\u0531\": 553, \"\\u056e\": 554, \"\\u9ad8\": 555, \"\\u9dbb\": 556, \"\\u045e\": 557, \"\\u4e30\": 558, \"\\u695a\": 559, \"\\u038a\": 560, \"\\u5be7\": 561, \"\\u6d4e\": 562, \"\\u5792\": 563, \"\\u8fd1\": 564, \"\\u85e4\": 565, \"\\u52c7\": 566, \"\\u614e\": 567, \"\\uacf5\": 568, \"\\uc5c5\": 569, \"\\uc9c0\": 570, \"\\uad6c\": 571, \"\\u04a7\": 572, \"\\u78b1\": 573, \"\\u6ee9\": 574, \"\\ud574\": 575, \"\\u0713\": 576, \"\\u05da\": 577, \"\\u0409\": 578, \"\\u6f4d\": 579, \"\\u574a\": 580, \"\\u064d\": 581, \"\\u05b8\": 582, \"\\u05e6\": 583, \"\\u05f2\": 584, \"\\u05b7\": 585, \"\\u05d8\": 586, \"\\u6c96\": 587, \"\\u53f8\": 588, \"\\u6070\": 589, \"\\u05e1\": 590, \"\\u96f7\": 591, \"\\u3042\": 592, \"\\u308b\": 593, \"\\u660e\": 594, \"\\u12f0\": 595, \"\\u1261\": 596, \"\\u1215\": 597, \"\\u5750\": 598, \"\\u7985\": 599, \"\\u7281\": 600, \"\\u5cb3\": 601, \"\\u6e56\": 602, \"\\u9999\": 603, \"\\u6e2f\": 604, \"\\u015d\": 605, \"\\u12d3\": 606, \"\\u1233\": 607, \"\\u0192\": 608, \"\\u82e5\": 609, \"\\u7f8c\": 610, \"\\u6d1b\": 611, \"\\u6d66\": 612, \"\\u30e8\": 613, \"\\u30bc\": 614, \"\\u30b9\": 615, \"\\ud568\": 616, \"\\ud765\": 617, \"\\u9234\": 618, \"\\u8cb4\": 619, \"\\u7537\": 620, \"\\u4e0a\": 621, \"\\u053d\": 622, \"\\u0570\": 623, \"\\u0564\": 624, \"\\u6ff1\": 625, \"\\u6ee8\": 626, \"\\u10ee\": 627, \"\\u0535\": 628, \"\\u016f\": 629, \"\\u12a2\": 630, \"\\u1275\": 631, \"\\u12ee\": 632, \"\\u1335\": 633, \"\\u07aa\": 634, \"\\u0796\": 635, \"\\u0787\": 636, \"\\u0783\": 637, \"\\u07a7\": 638, \"\\u6c5f\": 639, \"\\u2299\": 640, \"\\u1e35\": 641, \"\\u5510\": 642, \"\\u671d\": 643, \"\\u4e8e\": 644, \"\\uc6d0\": 645, \"\\u1e2a\": 646, \"\\u5ddd\": 647, \"\\u5bb6\": 648, \"\\u5eb7\": 649, \"\\u0b99\": 650, \"\\u0b95\": 651, \"\\u0baa\": 652, \"\\u5764\": 653, \"\\u5e72\": 654, \"\\u03a5\": 655, \"\\u03ce\": 656, \"\\u30dc\": 657, \"\\u6c99\": 658, \"\\u02bc\": 659, \"\\u63d0\": 660, \"\\u1ea1\": 661, \"\\u82f1\": 662, \"\\u09be\": 663, \"\\u0425\": 664, \"\\u0686\": 665, \"\\u0449\": 666, \"\\u56fd\": 667, \"\\u5b89\": 668, \"\\u6cfd\": 669, \"\\ub9bc\": 670, \"\\u8f66\": 671, \"\\u6e05\": 672, \"\\u4f0a\": 673, \"\\u6e29\": 674, \"\\ud3c9\": 675, \"\\ud560\": 676, \"\\u76f4\": 677, \"\\u8f44\": 678, \"\\uc0b0\": 679, \"\\u30fb\": 680, \"\\u1405\": 681, \"\\u14f1\": 682, \"\\u1451\": 683, \"\\u00a3\": 684, \"\\u6d25\": 685, \"\\u0397\": 686, \"\\u045c\": 687, \"\\u9752\": 688, \"\\u10e5\": 689, \"\\u10d6\": 690, \"\\u017c\": 691, \"\\uc120\": 692, \"\\u7109\": 693, \"\\u8006\": 694, \"\\u83cf\": 695, \"\\u304d\": 696, \"\\u0651\": 697, \"\\u1ed7\": 698, \"\\u1e60\": 699, \"\\u0388\": 700, \"\\u5730\": 701, \"\\u057e\": 702, \"\\u4e5d\": 703, \"\\u0415\": 704, \"\\u04a3\": 705, \"\\u122b\": 706, \"\\u12ca\": 707, \"\\u12ad\": 708, \"\\u071d\": 709, \"\\u8ca8\": 710, \"\\u7269\": 711, \"\\u6c82\": 712, \"\\u5317\": 713, \"\\ud83d\\ude33\": 714, \"\\ud83d\\ude02\": 715, \"\\u10d9\": 716, \"\\u0587\": 717, \"\\u9676\": 718, \"\\u03c8\": 719, \"\\u05c1\": 720, \"\\u05db\": 721, \"\\u6dc4\": 722, \"\\u840a\": 723, \"\\u856a\": 724, \"\\u83b1\": 725, \"\\u829c\": 726, \"\\u5c3c\": 727, \"\\u078e\": 728, \"\\u07ad\": 729, \"\\u0794\": 730, \"\\u07a8\": 731, \"\\u0780\": 732, \"\\u07ab\": 733, \"\\u0789\": 734, \"\\u900a\": 735, \"\\u53f6\": 736, \"\\u30e9\": 737, \"\\u0630\": 738, \"\\u95fd\": 739, \"\\u5a01\": 740, \"\\uac15\": 741, \"\\uacc4\": 742, \"\\ub0a8\": 743, \"\\ud3ec\": 744, \"\\ud2b9\": 745, \"\\ubcc4\": 746, \"\\u04d9\": 747, \"\\u04b9\": 748, \"\\u121d\": 749, \"\\u133d\": 750, \"\\u594e\": 751, \"\\u5c6f\": 752, \"\\u054a\": 753, \"\\u5410\": 754, \"\\u9c81\": 755, \"\\u756a\": 756, \"\\u1eaf\": 757, \"\\u859b\": 758, \"\\u0173\": 759, \"\\u0218\": 760, \"\\u02d0\": 761, \"\\uc0ac\": 762, \"\\ub9ac\": 763, \"\\u0389\": 764, \"\\u5fb3\": 765, \"\\u961c\": 766, \"\\u2113\": 767, \"\\u1e45\": 768, \"\\u0b9a\": 769, \"\\u0bbf\": 770, \"\\u0bc2\": 771, \"\\u0bb0\": 772, \"\\u5de9\": 773, \"\\u7559\": 774, \"\\u01d2\": 775, \"\\uff1b\": 776, \"\\u30ab\": 777, \"\\u30a6\": 778, \"\\u30d3\": 779, \"\\u30d0\": 780, \"\\u30d7\": 781, \"\\u201f\": 782, \"\\u79be\": 783, \"\\u5357\": 784, \"\\u6e7e\": 785, \"\\u4f50\": 786, \"\\u016c\": 787, \"\\u4e14\": 788, \"\\u672b\": 789, \"\\u74e6\": 790, \"\\u838a\": 791, \"\\u67a3\": 792, \"\\u5e84\": 793, \"\\u5580\": 794, \"\\u09ac\": 795, \"\\u0982\": 796, \"\\u09b2\": 797, \"\\u09a6\": 798, \"\\u09c7\": 799, \"\\u09b6\": 800, \"\\u5c06\": 801, \"\\u06b5\": 802, \"\\u5168\": 803, \"\\u90e8\": 804, \"\\u5fb7\": 805, \"\\u010e\": 806, \"\\uac00\": 807, \"\\uc704\": 808, \"\\ub20c\": 809, \"\\u042e\": 810, \"\\u200f\": 811, \"\\u062b\": 812, \"\\u838e\": 813, \"\\u5bdf\": 814, \"\\u67e5\": 815, \"\\u9521\": 816, \"\\u4f2f\": 817, \"\\ubba4\": 818, \"\\ubc45\": 819, \"\\ud06c\": 820, \"\\u0928\": 821, \"\\u0947\": 822, \"\\u092a\": 823, \"\\u093e\": 824, \"\\u0932\": 825, \"\\u30c6\": 826, \"\\u30a3\": 827, \"\\u67ef\": 828, \"\\u576a\": 829, \"\\u1e6d\": 830, \"\\u2033\": 831, \"\\u6cc9\": 832, \"\\u7cbe\": 833, \"\\uc591\": 834, \"\\u5e73\": 835, \"\\u58cc\": 836, \"\\u571f\": 837, \"\\u65b9\": 838, \"\\u6b73\": 839, \"\\u0717\": 840, \"\\u9ea6\": 841, \"\\u76d6\": 842, \"\\ud61c\": 843, \"\\u0424\": 844, \"\\u00ae\": 845, \"\\u30af\": 846, \"\\u30ea\": 847, \"\\u30e3\": 848, \"\\u30be\": 849, \"\\u04e3\": 850, \"\\u04b7\": 851, \"\\u5b66\": 852, \"\\u2666\": 853, \"\\u05d2\": 854, \"\\u05e0\": 855, \"\\u05df\": 856, \"\\u039f\": 857, \"\\u88d5\": 858, \"\\u5167\": 859, \"\\u7dad\": 860, \"\\u723e\": 861, \"\\u03a7\": 862, \"\\u5cf6\": 863, \"\\u5c9b\": 864, \"\\u3002\": 865, \"\\u8d5b\": 866, \"\\u72ec\": 867, \"\\u5b50\": 868, \"\\u06af\": 869, \"\\u0f61\": 870, \"\\u0f58\": 871, \"\\u0fa6\": 872, \"\\u0f74\": 873, \"\\u0f0d\": 874, \"\\u10d3\": 875, \"\\u2207\": 876, \"\\u0417\": 877, \"\\uc870\": 878, \"\\u6fa4\": 879, \"\\u00c6\": 880, \"\\u30e2\": 881, \"\\u30b4\": 882, \"\\u30c1\": 883, \"\\u7e54\": 884, \"\\u4fe1\": 885, \"\\u9577\": 886, \"\\u3059\": 887, \"\\u713c\": 888, \"\\u8fbf\": 889, \"\\u7740\": 890, \"\\u5834\": 891, \"\\u6240\": 892, \"\\u0384\": 893, \"\\u9759\": 894, \"\\u053f\": 895, \"\\u6a39\": 896, \"\\u03a6\": 897, \"\\u71df\": 898, \"\\u4e1c\": 899, \"\\u8425\": 900, \"\\u1ea3\": 901, \"\\u00b6\": 902, \"\\uccad\": 903, \"\\uc9c4\": 904, \"\\u0406\": 905, \"\\u0454\": 906, \"\\uc1a1\": 907, \"\\uc2e0\": 908, \"\\uc758\": 909, \"\\u662d\": 910, \"\\u5e7f\": 911, \"\\u58ee\": 912, \"\\u1ef3\": 913, \"\\u10e8\": 914, \"\\u054f\": 915, \"\\u0577\": 916, \"\\u7d71\": 917, \"\\u738b\": 918, \"\\u540c\": 919, \"\\u5fc3\": 920, \"\\u0572\": 921, \"\\u4e49\": 922, \"\\u02be\": 923, \"\\u067e\": 924, \"\\u0688\": 925, \"\\u547c\": 926, \"\\u56fe\": 927, \"\\u58c1\": 928, \"\\u0120\": 929, \"\\ub77c\": 930, \"\\u7f85\": 931, \"\\u5148\": 932, \"\\u12e8\": 933, \"\\u134c\": 934, \"\\u12f4\": 935, \"\\u120b\": 936, \"\\u12f2\": 937, \"\\u121e\": 938, \"\\u1232\": 939, \"\\u122a\": 940, \"\\u1350\": 941, \"\\u120a\": 942, \"\\u012a\": 943, \"\\u10dc\": 944, \"\\u10d1\": 945, \"\\u10ed\": 946, \"\\ud6a8\": 947, \"\\ub9b0\": 948, \"\\u6839\": 949, \"\\u4f1f\": 950, \"\\u798f\": 951, \"\\u016d\": 952, \"\\u1780\": 953, \"\\u1798\": 954, \"\\u17d2\": 955, \"\\u1796\": 956, \"\\u17bb\": 957, \"\\u1787\": 958, \"\\u17b6\": 959, \"\\ub300\": 960, \"\\uc911\": 961, \"\\u4e2d\": 962, \"\\u804a\": 963, \"\\u1ea7\": 964, \"\\u674e\": 965, \"\\u73ae\": 966, \"\\u950b\": 967, \"\\u4f3d\": 968, \"\\u5e08\": 969, \"\\u203a\": 970, \"\\u0720\": 971, \"\\u5408\": 972, \"\\u5947\": 973, \"\\u7159\": 974, \"\\u81fa\": 975, \"\\u70df\": 976, \"\\u5bcc\": 977, \"\\u8574\": 978, \"\\u053b\": 979, \"\\u652f\": 980, \"\\u5e81\": 981, \"\\u7167\": 982, \"\\u2295\": 983, \"\\u25ac\": 984, \"\\u0b87\": 985, \"\\u0bb2\": 986, \"\\u0bc8\": 987, \"\\u018f\": 988, \"\\u81e8\": 989, \"\\u4e34\": 990, \"\\u05b4\": 991, \"\\u05d3\": 992, \"\\u00aa\": 993, \"\\u307b\": 994, \"\\u3093\": 995, \"\\u3044\": 996, \"\\u6e90\": 997, \"\\u900f\": 998, \"\\u958b\": 999, \"\\u62dc\": 1000, \"\\u59da\": 1001, \"\\u8d1d\": 1002, \"\\u5a1c\": 1003, \"\\u4eac\": 1004, \"\\u90fd\": 1005, \"\\u5343\": 1006, \"\\u4ee3\": 1007, \"\\u5bbf\": 1008, \"\\u90e1\": 1009, \"\\u4e43\": 1010}"}}