{
    "%": "pat6sen1",
    "133": "jat1saam1saam1",
    "21點": "jaa6jat1dim2",
    "21三體綜合症": "ji6jat1saam1tai2zung3hap6zing3",
    "26": "ji6luk1",
    "3P": "saam1pi1",
    "3C": "saam1si1",
    "46709394": "sei2lou2ceot1lai4gaau2saam1gaau2sei3",
    "489": "sei3baat3gau2",
    "420": "sei3ji6ling4",
    "426": "sei3ji6luk6",
    "438": "sei3saam1baat3",
    "4424": "sei3sei3ji6sei3",
    "56k": "ng5aa6luk6kei1",
    "55": "ng5ng5",
    "5p仔": "ng5pi1zai2",
    "67": "luk1cat6",
    "689": "luk6baat3gau2",
    "777": "cat1cat1cat1",
    "7-11": "cat1sap6jat1",
    "88牌": "baat3baat3paai4",
    "9upper": "gau1ap1paa4",
    "97": "gau2cat1",
    "argue": "aa1giu4",
    "ARCH": "aa1ki2",
    "archi": "aa1ki2",
    "assignment": "aa3saai1man2",
    "account": "aa6kaan1",
    "auntie": "aan1ti4",
    "Audi": "aau1di2",
    "am": "am4",
    "AB膠": "ei1bi1gaau1",
    "ABC": "ei1bi1si1",
    "AB制": "ei1bi1zai3",
    "AA膠": "ei1ei1gaau1",
    "AA制": "ei1ei1zai3",
    "A4紙": "ei1fo1zi2",
    "A貨": "ei1fo3",
    "A咖": "ei1gaa3",
    "A圈兒": "ei1hyun1ji4",
    "AK": "ei1kei1",
    "AK47": "ei1kei1sei3cat1",
    "A0": "ei1ling4",
    "A-math": "ei1met1",
    "AO": "ei1ou1",
    "A片": "ei1pin2",
    "ac": "ei1si1",
    "ACO": "ei1si1ou1",
    "ace": "ei1si2",
    "ATM": "ei1ti1em1",
    "AV": "ei1vi1",
    "AV女優": "ei1vi1neoi5jau1",
    "AV女郎": "ei1vi1neoi5long4",
    "A站": "ei1zaam6",
    "A仔": "ei1zai2",
    "A準": "ei1zeon2",
    "agent": "ei1zeon2",
    "A字膊": "ei1zi6bok3",
    "A鐘": "ei1zung1",
    "an機": "en1gei1",
    "anyway": "en1ni4wei4",
    "app": "ep1",
    "apps": "ep1si2",
    "all-back": "o1bek1",
    "alt": "o6toeng1nik4",
    "bar": "baa1",
    "bra": "baa1",
    "bar-king": "baa1king1",
    "barcode": "baa1kuk1",
    "buy": "baai1",
    "bi": "baai6",
    "bio": "baai6o1",
    "Bang一聲": "baang4jat1seng1",
    "byte": "bai1",
    "bug": "bak1",
    "budget": "bat1zik4",
    "baby-fat": "bei1bi1fet1",
    "baby": "bei1bi4",
    "backup": "bek1ap1",
    "ban": "ben1",
    "banner": "ben1naa2",
    "Benz": "ben1si2",
    "Ben士": "ben1si2",
    "Ben屎": "ben1si2",
    "Band仔": "ben1zai2",
    "bet-bet": "bet4bet4",
    "bell開": "beu6hoi1",
    "bel開": "beu6hoi1",
    "BB": "bi1bi1",
    "bi-bi-ba-ba": "bi1bi1baa1baa1",
    "BB彈": "bi1bi1daan2",
    "BBA": "bi1bi1ei1",
    "BB機": "bi1bi1gei1",
    "BBQ": "bi1bi1kiu1",
    "bibu": "bi1bu3",
    "bibu-bibu": "bi1bu3bi1bu3",
    "bibu車": "bi1bu3ce1",
    "B超": "bi1ciu1",
    "briefing": "bi1fing2",
    "B型超聲": "bi1jing4ciu1sing1",
    "B哩吧啦": "bi1li1baa1laa1",
    "bi-li-ba-la": "bi1li1baa1laa1",
    "bilibili": "bi1li1bi1li4",
    "BT": "bi1ti1",
    "B站": "bi1zaam6",
    "B仔": "bi1zai2",
    "B仔水": "bi1zai2seoi2",
    "BB車": "bi4bi1ce1",
    "BB牀": "bi4bi1cong4",
    "BB櫈": "bi4bi1dang3",
    "BB骨": "bi4bi1gwat1",
    "BB衫": "bi4bi1saam1",
    "BB話": "bi4bi1waa2",
    "BB仔": "bi4bi1zai2",
    "bi-li-bek-lek": "bi4li1bek4lek4",
    "Big-4": "bik1fo1",
    "bingo": "bing1gou4",
    "Bing-Ling-Bang-Lang": "bing4ling1baang4laang4",
    "beat": "bit1",
    "bid": "bit1",
    "bit": "bit1",
    "ball": "bo1",
    "body-check": "bo1di1cek1",
    "body-massage": "bo1di1mat6saa1ci4",
    "boy": "boi1",
    "boxing油": "bok1sing2jau4",
    "board": "bot1",
    "Board-game": "bot1gem1",
    "buffet": "bou6fei1",
    "bully": "bu1li4",
    "Bu你阿麼": "bu4ni2aa3mo1",
    "bu你阿麼": "bu4ni5aa3mo1",
    "boo-jark": "bu4zaak1",
    "book": "buk1",
    "book機票": "buk1gei1piu3",
    "唔": "m4",
    "到": "dou2",
    "位": "wai2",
    "book位": "buk1wai2",
    "book酒店": "buk1zau2dim3",
    "boot": "but1",
    "boot機": "but1gei1",
    "boutique": "pou6tit1",
    "cha-cha": "caa1caa4",
    "charge": "caa1zi6",
    "chup一聲": "cap6jat1seng1",
    "check": "cek1",
    "check-out": "cek1au1",
    "check下": "cek1haa5",
    "check-in": "cek1jin1",
    "challenge": "cek1lin6zi6",
    "CLS": "ci1lan2sin3",
    "chihuahua": "ci6waa1waa4",
    "cik-caat": "cik4caak4",
    "ching": "cing1",
    "cheap": "cip1",
    "cheap到痺": "cip1dou3bei3",
    "cheap嘢": "cip1je5",
    "cheap精": "cip1zing1",
    "cosplay": "co1si4pat6lai1",
    "chur": "coe2",
    "chalk粉": "cok1fan2",
    "chok": "cok3",
    "chok-cheat": "cok3cit1",
    "chok樣": "cok3joeng2",
    "camtrulia": "gaam6cou1li4jaa4",
    "coolie": "gu1lei1",
    "counter": "kaan1taa2",
    "com": "kam1",
    "common-sense": "kam1man1",
    "comment": "kam1men4",
    "command": "kam6maan1",
    "club": "kap1",
    "cut": "kat1",
    "cut線": "kat1sin3",
    "cutter": "kat1taa2",
    "cafe": "kat6fei1",
    "café": "kat6fei1",
    "close": "kat6lou4si4",
    "cult": "kau1",
    "care": "ke1aa4",
    "casual": "ke1sou4",
    "cash": "ke1syu4",
    "carry": "ke1wi4",
    "case": "kei1si2",
    "cam": "kem1",
    "camp": "kem1",
    "chem": "kem1",
    "claim": "kem1",
    "claim保險": "kem1bou2him2",
    "cam帶": "kem1daai2",
    "camp-camp-哋": "kem1kem1dei2",
    "cam鍊": "kem1lin2",
    "cam鏈": "kem1lin2",
    "claim稅": "kem1seoi3",
    "cancer": "ken1saa2",
    "cap": "kep1",
    "cap帽": "kep1mou2",
    "cap水": "kep1seoi2",
    "catalog": "ket1taa4lok4",
    "catalogue": "ket1taa4lok4",
    "cake": "kik1",
    "click": "kik1",
    "click入去": "kik1jap6heoi3",
    "cream": "kim1",
    "cue": "kiu1",
    "cute": "kiu1",
    "cue卡": "kiu1kaat1",
    "cue咭": "kiu1kaat1",
    "cute-cute": "kiu1kiu1",
    "coupon": "kiu1pon4",
    "cutie": "kiu1ti2",
    "Call": "ko1",
    "call": "ko1",
    "call白車": "ko1baak6ce1",
    "call機": "ko1gei1",
    "course": "ko1si4",
    "Call台": "ko1toi4",
    "call台": "ko1toi4",
    "Call鐘": "ko1zung1",
    "con": "kon1",
    "cons": "kon1si2",
    "contact": "kon1tek4",
    "cop": "kop1",
    "chord": "kot1",
    "Cool": "ku1",
    "cool": "ku1",
    "cushion": "ku1seon2",
    "code": "kuk1",
    "cyber": "saai1baa4",
    "CIB": "si1aai1bi1",
    "CID": "si1aai1di1",
    "C疊": "si1daap6",
    "cm": "si1em1",
    "civil": "si1fou2",
    "C6": "si1luk6",
    "C9": "si1naai1",
    "C眼": "si1ngaan5",
    "C盤": "si1pun4",
    "cc": "si1si1",
    "CCTV": "si1si1ti1wi1",
    "CV": "si1wi1",
    "cert": "soet1",
    "darling": "daa1ling2",
    "down": "daan1",
    "down機": "daan1gei1",
    "download": "daan1lou1",
    "dup": "daap3",
    "dum": "dam2",
    "dump": "dam2",
    "dum雞": "dam3gai1",
    "dub": "dap1",
    "dup車": "dap1ce1",
    "dud": "dat1",
    "der": "de1",
    "defer": "de6foe1",
    "data": "dei1taa4",
    "day-one": "dei1wan1",
    "dem": "dem1",
    "demo": "dem1mou2",
    "D": "di1",
    "D場": "di1coeng4",
    "DD": "di1di1",
    "DNA": "di1en1ei1",
    "DNA鑒定": "di1en1ei1gaam3ding6",
    "DQ": "di1kiu1",
    "DC9": "di1si1gau2",
    "DT": "di1ti1",
    "DVD": "di1wi1di1",
    "DJ": "di1zei1",
    "Dee": "di2",
    "di-di-de-de": "di4di4de4de4",
    "del": "di6",
    "disco": "dit1si4kou4",
    "due時": "diu1si4",
    "dur": "doe6",
    "dur皮": "doe6pei4",
    "Do": "du1",
    "do": "du1",
    "Do嘢": "du1je5",
    "e": "e1",
    "e1": "e1",
    "er": "e1",
    "都": "dou1",
    "冇": "mou5",
    "得": "dak1",
    "e4": "e4",
    "em4": "em4",
    "engine": "en1zin2",
    "even": "i1fan4",
    "E仔": "i1zai2",
    "emoji": "i6mo1zi4",
    "ex": "ik6si4",
    "E沖C": "ji1cung1si1",
    "email": "ji1me1lou4",
    "EO": "ji1ou1",
    "EVA膠": "ji1wi1ei1gaau1",
    "econ": "ji6kon1",
    "FF": "e1fu4e1fu4",
    "file": "faai1lou2",
    "function": "fan1seon4",
    "fang6": "fang6",
    "foul": "fau1",
    "foul出局": "fau1ceot1guk6",
    "fe": "fe4",
    "fea": "fe4",
    "Face": "fei1si2",
    "fax": "fek1",
    "Fact-check": "fek1cek1",
    "fax機": "fek1si2gei1",
    "firm": "fem1",
    "Friend": "fen1",
    "fd": "fen1",
    "friend": "fen1",
    "Friend過打band": "fen1gwo3daa2ben1",
    "friend過打band": "fen1gwo3daa2ben1",
    "friend過夾band": "fen1gwo3gaap3ben1",
    "Fan屎": "fen1si2",
    "fans": "fen1si2",
    "fan屎": "fen1si2",
    "fet": "fet6",
    "fail": "feu1",
    "free-size": "fi1saai1si2",
    "free晒士": "fi1saai1si2",
    "Fi-li-fe-le": "fi4li1fe4le4",
    "fi-li-fe-le": "fi4li1fe4le4",
    "fake": "fik1",
    "figure": "fik1gaa4",
    "Fik": "fik6",
    "flick": "fik6",
    "Fing": "fing6",
    "Fing霸": "fing6baa3",
    "Fing頭場": "fing6tau4coeng4",
    "Fing頭丸": "fing6tau4jyun2",
    "fit": "fit1",
    "fit到漏油": "fit1dou3lau4jau4",
    "Feel": "fiu1",
    "feel": "fiu1",
    "fuse": "fiu1si2",
    "follow": "fo1lou4",
    "for": "fo6",
    "form": "fom1",
    "fu": "fu3",
    "guard臭": "gaat1cau3",
    "gap": "gap1",
    "gup": "gap6",
    "Gut屎": "gat1si2",
    "gas": "ge1si2",
    "gas爐": "ge1si2lou4",
    "ge": "ge3",
    "gag": "gek1",
    "game": "gem1",
    "gap汁": "gep1zap1",
    "gap-gap聲": "gep4gep2seng1",
    "get": "get1",
    "get到": "get1dou2",
    "GB": "gik1",
    "GiB": "gik1",
    "gip": "gip1",
    "Gurkha": "goe1gaa4",
    "Gurkha兵": "goe1gaa4bing1",
    "gur": "goe4",
    "goet-goet聲": "goet4goet2seng1",
    "google": "gu1gou4",
    "Google鼻": "gu1gou4bei6",
    "grant-loan": "gwaan1lung1",
    "gram": "gwem1",
    "group": "gwup1",
    "gel": "zeu1",
    "gel頭雀": "zeu1tau4zoek2",
    "G點": "zi1dim2",
    "G弦褲": "zi1jin4fu3",
    "GPS": "zi1pi1e1si4",
    "GG": "zi1zi1",
    "gym房": "zim1fong2",
    "geog": "zok1gaa2",
    "H股": "ei1cyu3gu2",
    "H漫": "ei1cyu3maan6",
    "hello": "haa1lou2",
    "High": "haai1",
    "hi": "haai1",
    "high": "haai1",
    "大": "daai6",
    "咗": "zo2",
    "hi-fi": "haai1faai1",
    "hihi": "haai1haai1",
    "high卡士": "haai1kaa1si2",
    "highlight": "haai1lai1",
    "high-tech": "haai1tek1",
    "high-tea": "haai1ti1",
    "harddisk": "haat1di1",
    "hum-hum聲": "ham4ham2seng1",
    "house": "hau1si2",
    "He": "he3",
    "hae": "he3",
    "hea": "he3",
    "hater": "hei1taa4",
    "hack": "hek1",
    "hacker": "hek1kaa2",
    "ham": "hem1",
    "hang機": "heng1gei1",
    "Hap": "hep1",
    "呀": "pi2",
    "Happy": "hep1pi2",
    "happy": "hep1pi2",
    "hehe": "hi1hi1",
    "hee-hee-hur-hur": "hi4hi1hoe4hoe4",
    "hints": "hin1si2",
    "hit": "hit1",
    "hall": "ho1",
    "hur": "hoe4",
    "hurt": "hoet1",
    "hoodie": "hu1di2",
    "II": "aai1aai1",
    "ID": "aai1di1",
    "IDD": "aai1di1di1",
    "i雞寶": "aai1gai1bou2",
    "IQ": "aai1kiu1",
    "IQ題": "aai1kiu1tai4",
    "icon": "aai1kon2",
    "IP": "aai1pi1",
    "IT": "aai1ti1",
    "IT狗": "aai1ti1gau2",
    "idea": "aai6di1aa4",
    "In": "in1",
    "in": "in1",
    "in-charge": "in1caa1zi6",
    "Inc": "in1cu4",
    "Inch": "in1cyu4",
    "intern": "in1toeng2",
    "ichiban": "it1ci1baan1",
    "Isuzu": "ji6sou1sou4",
    "jar": "zaa1",
    "J": "zei1",
    "J圖": "zei1tou4",
    "JJ": "zei1zei1",
    "jacket": "zek1ket6",
    "jetso": "zek1sou4",
    "jam": "zem1",
    "Jam嘢": "zem1je5",
    "jam嘢": "zem1je5",
    "jeep仔": "zip1zai2",
    "jip": "zip4",
    "jer": "zoe1",
    "jer-jer": "zoe1zoe1",
    "jer住": "zoe1zyu6",
    "join": "zoi1",
    "joule": "zu1",
    "jupas": "zu1pat6si4",
    "joker": "zuk1kaa2",
    "Kind": "kaai1",
    "kai": "kaai1",
    "kai子": "kaai1zi2",
    "Ke": "ke1",
    "ke": "ke1",
    "K金": "ke1gam1",
    "K": "kei1",
    "K壓": "kei1aat3",
    "K巴": "kei1baa1",
    "KB": "kei1bi1",
    "K場": "kei1coeng4",
    "K粉": "kei1fan2",
    "K房": "kei1fong2",
    "K歌": "kei1go1",
    "K客": "kei1haak3",
    "K-car": "kei1kaa1",
    "kilo": "kei1lou2",
    "KO": "kei1ou1",
    "KOL": "kei1ou1eu1",
    "K書": "kei1syu1",
    "K他命": "kei1taa1ming6",
    "K仔": "kei1zai2",
    "kem-kem哋": "kem1kem1dei2",
    "kem": "kem4",
    "kem5": "kem5",
    "keng": "keng4",
    "kel-lel": "keu4leu1",
    "king": "king1",
    "keep": "kip1",
    "Keeper": "kip1paa2",
    "keep住": "kip1zyu6",
    "killer": "kiu1laa2",
    "L": "eu1",
    "last-day": "laa6sat6dei1",
    "live": "laai1",
    "license": "laai1san2",
    "lai-lai閒": "laai5laai5haan4",
    "latte": "laat6tei1",
    "Like": "lai1",
    "likey": "lai1ki2",
    "lump-sum": "lam1sam1",
    "lunch": "lan1cyu2",
    "LM": "lau4ming4",
    "le": "le1",
    "level": "le1fou2",
    "lego": "le1gou4",
    "les": "le1si4",
    "Le-hea": "le2he3",
    "Le-fe": "le5fe5",
    "label": "lei1bou2",
    "laser": "lei1saa2",
    "lag機": "lek1gei1",
    "lem": "lem2",
    "LAN線": "len1sin3",
    "Lui低": "leoi1dai1",
    "lun": "leon1",
    "lab": "lep1",
    "legging": "lik1ging4",
    "lim": "lim1",
    "limit": "lim1mit4",
    "lin": "lin1",
    "lin頭": "lin1tau4",
    "lur飯應": "loe1faan6jing3",
    "lur口水講過": "loe1hau2seoi2gong2gwo3",
    "lur": "loe2",
    "long-d": "long1di1",
    "load": "lou1",
    "louvre": "lu1faa2",
    "lu": "lu3",
    "look": "luk1",
    "lin的": "nin1dik1",
    "好": "hou2",
    "lin頭硬": "nin1tau4ngaang6",
    "M": "em1",
    "MB": "em1bi1",
    "MBA": "em1bi1ei1",
    "M到": "em1dou3",
    "M巾": "em1gan1",
    "M記": "em1gei3",
    "M-come": "em1kam1",
    "MK": "em1kei1",
    "MK車": "em1kei1ce1",
    "MK名": "em1kei1meng2",
    "MK妹": "em1kei1mui1",
    "MK頭": "em1kei1tau4",
    "MK仔": "em1kei1zai2",
    "mp3": "em1pi1fi1",
    "M痛": "em1tung3",
    "MV": "em1wi1",
    "M字額": "em1zi6ngaak3",
    "Mind": "maai1",
    "mind": "maai1",
    "mark": "maak1",
    "Mark出街": "maak1ceot1gaai1",
    "mark出街": "maak1ceot1gaai1",
    "mark低": "maak1dai1",
    "Mark哥褸": "maak1go1lau1",
    "mark實": "maak1sat6",
    "mark住": "maak1zyu6",
    "mouse": "maau1si2",
    "mum-mum": "mam1mam1",
    "MiB": "mek1",
    "man": "men1",
    "menu": "men1niu2",
    "maths": "met1si2",
    "mag仔": "met1zai2",
    "memo": "mi1mou2",
    "miss": "mi1si4",
    "m": "mit1",
    "meet": "mit1",
    "Miss": "mit1si4",
    "Missy": "mit1si4",
    "ml": "miu1",
    "model": "mo1dou4",
    "mock": "mok1",
    "mocha": "mok1kaa4",
    "mon": "mon1",
    "mon貼": "mon1tip3",
    "modem": "mou1dem4",
    "molamola": "mou1laa1mou1laa4",
    "Mood": "mut1",
    "mood": "mut1",
    "N": "en1",
    "N車": "en1ce1",
    "N年": "en1nin4",
    "N耐": "en1noi6",
    "N線": "en1sin3",
    "NG": "en1zi1",
    "No-1": "lam1baa1wan1",
    "notebook": "luk1buk1",
    "NICAM": "nai1kem4",
    "now攪": "nau2gaau6",
    "navy": "nei1fi2",
    "ngang-ngang聲": "ngang4ngang2seng1",
    "ngek-ngek": "ngek1ngek1",
    "ngok-ngok脆": "ngok1ngok1ceoi3",
    "niu": "niu3",
    "out": "au1",
    "outdate": "au1dei1",
    "outday": "au1dei1",
    "outlet": "au1let4",
    "on9": "ngong6gau1",
    "on99": "ngong6gau1gau1",
    "on9仔": "ngong6gau1zai2",
    "onlun9": "ngong6lan2gau1",
    "offer": "o1faa4",
    "OK": "o1ke1",
    "oe": "oe1",
    "oet4": "oek4",
    "oppa": "ok6baa1",
    "OL": "ou1e1lou4",
    "over": "ou1faa4",
    "over機": "ou1faa4gei1",
    "O記": "ou1gei3",
    "OEM": "ou1ji1em1",
    "O型腿": "ou1jing4teoi2",
    "OK繃": "ou1kei1bang1",
    "OK鏡": "ou1kei1geng3",
    "ocamp": "ou1kem1",
    "open": "ou1pan4",
    "OP": "ou1pi1",
    "OT": "ou1ti1",
    "O仔": "ou1zai2",
    "O咀": "ou1zeoi2",
    "O嘴": "ou1zeoi2",
    "physics": "fi1sik4",
    "pass": "paa1si2",
    "passport": "paa1si4pot1",
    "party": "paa1ti4",
    "Parkour": "paa6ku1aa4",
    "pi": "paai1",
    "part": "paat1",
    "partner": "paat1naa4",
    "part-time": "paat1taai1",
    "parti": "paat6tit1",
    "pub": "pap1",
    "puzzle": "pat1sou4",
    "plan": "pat6len1",
    "percent": "pat6sen1",
    "pair": "pe1",
    "pedal": "pe1dou4",
    "pea": "pe5",
    "prefer": "pe6foe1",
    "paper": "pei1paa4",
    "patient": "pei1seon4",
    "pack": "pek1",
    "pan": "pen1",
    "pantry": "pen1cyu4",
    "pancake": "pen1kik1",
    "pad": "pet1",
    "Petpet": "pet1pet1",
    "pat-pat": "pet1pet1",
    "pet-pet": "pet1pet1",
    "pat": "pet6",
    "P": "pi1",
    "PR": "pi1aa1",
    "pH值": "pi1ei1cyu3zik6",
    "pm": "pi1em1",
    "prefect": "pi1fek4",
    "PE": "pi1ji1",
    "PE褲": "pi1ji1fu3",
    "PE衫": "pi1ji1saam1",
    "PE堂": "pi1ji1tong4",
    "PK": "pi1kei1",
    "P民": "pi1man4",
    "P牌": "pi1paai4",
    "pizza": "pi1saa2",
    "PC": "pi1si1",
    "P相": "pi1soeng2",
    "ptbf": "pi1ti1bi1e1fu4",
    "PTU": "pi1ti1jiu1",
    "ptgf": "pi1ti1zi1e1fu4",
    "P圖": "pi1tou4",
    "PG": "pi1zi1",
    "present": "pi6sen1",
    "pick-up": "pik1ap1",
    "print": "pin1",
    "printer": "pin1taa2",
    "pink": "ping1",
    "pure": "piu1",
    "project": "po1zek4",
    "pok": "pok1",
    "pop": "pok1",
    "point": "pon1",
    "port": "pot1",
    "po": "pou1",
    "post": "pou1",
    "professor": "pou1fe1saa2",
    "program": "pou1gwem4",
    "polo": "pou1lou2",
    "promo": "pou6mou1",
    "proposal": "pou6pou1sou4",
    "projector": "pou6zek1taa2",
    "Push": "pu1syu4",
    "pu你阿麼": "pu4ni5aa3mo1",
    "psycho": "saai6ko1",
    "Q": "kiu1",
    "QR-code": "kiu1aau1kuk1",
    "Q版": "kiu1baan2",
    "QQ": "kiu1kiu1",
    "QC": "kiu1si1",
    "Quali": "ko1li2",
    "quali": "ko1li2",
    "quota": "kou1taa2",
    "quiz": "kwi1zi4",
    "quit": "kwit1",
    "R": "aau1",
    "R講": "aau1gong2",
    "R晒頭": "aau1saai3tau4",
    "round": "waan1",
    "router": "waau1taa2",
    "RAM": "wem1",
    "refer": "wi6foe1",
    "Roll機": "wou1gei1",
    "sis": "e1si4aai1e1si4",
    "spa": "sa4baa1",
    "style": "sa4daai1jou4",
    "stat": "sa4dei1",
    "stupid": "sa4diu1bat4",
    "sa": "saa4",
    "scan": "saa4ken1",
    "scanner": "saa4ken1naa2",
    "science": "saai1jan4si4",
    "size": "saai1si2",
    "saak": "saak3",
    "sharp": "saap1",
    "sharp醒": "saap1sing2",
    "site": "sai1",
    "suppose": "sap6pou1si4",
    "sub仔": "sap6zai2",
    "surprise": "sat6paai1si4",
    "Seven": "se1fan2",
    "save": "sei1fu4",
    "sem": "sem6",
    "send": "sen1",
    "sense": "sen1si2",
    "set": "set1",
    "set頭": "set1tau4",
    "sell": "seu1",
    "sales": "seu1si2",
    "shift": "si1fu4",
    "syllabus": "si1li4baa4",
    "si-li-sir-lur": "si4li1soe4loe4",
    "snooker": "si6luk1gaa2",
    "small-potato": "si6mo1pou6tei1tou4",
    "sweet": "si6wit1",
    "saxphone": "sik1fung1",
    "saxophone": "sik1si6fung1",
    "single": "sing1gou4",
    "sink盤": "sing1pun2",
    "seed": "sit1",
    "sit": "sit1",
    "sit-up": "sit1ap1",
    "sor": "so1",
    "sorli": "so1li4",
    "sorry": "so1li4",
    "sorry囉": "so1li4lo1",
    "source": "so1si2",
    "ser": "soe1",
    "share": "soe1aa4",
    "search": "soe1cyu4",
    "server": "soe1faa2",
    "survey": "soe1fei4",
    "sir": "soe4",
    "sauna": "son1naa4",
    "short": "sot1",
    "shot": "sot1",
    "short-short哋": "sot1sot1dei2",
    "Short總掣": "sot1zung2zai3",
    "short總掣": "sot1zung2zai3",
    "show": "sou1",
    "souven": "sou1fan2",
    "show-hand": "sou1hen1",
    "show-quali": "sou1ko1li2",
    "solo": "sou1lou4",
    "sosad": "sou1set1",
    "So-so": "sou1sou4",
    "social": "sou1sou4",
    "so": "sou4",
    "soci": "sou6si6",
    "sure": "su1aa4",
    "troll": "cou1",
    "tup車": "dap1ce1",
    "thank-you": "fen1kiu4",
    "touch-wood": "taa1cyu6wut1",
    "target": "taa1get4",
    "title": "taai1tou4",
    "taste": "tei1si2",
    "tag": "tek1",
    "term": "tem1",
    "temp": "tem6",
    "tab": "tep1",
    "tablet": "tep1lat4",
    "test": "tet1",
    "T": "ti1",
    "tea": "ti1",
    "tee": "ti1",
    "T-back": "ti1bek1",
    "TB": "ti1bi1",
    "T尺": "ti1cek3",
    "TA": "ti1ei1",
    "T骨": "ti1gwat1",
    "T骨牛扒": "ti1gwat1ngau4paa2",
    "T骨扒": "ti1gwat1paa2",
    "T恤": "ti1seot1",
    "T裇": "ti1seot1",
    "tissue": "ti1su4",
    "T字褲": "ti1zi6fu3",
    "T字帳": "ti1zi6zoeng3",
    "take": "tik1",
    "take嘢": "tik1je5",
    "team": "tim1",
    "tutor": "tiu1taa2",
    "toffee": "to1fei2",
    "toffee糖": "to1fei4tong2",
    "toilet": "to1let4",
    "turn": "toeng1",
    "talk": "tok1",
    "top": "top1",
    "total": "tou1tou4",
    "tune": "tun1",
    "under": "an1daa2",
    "uncl": "an1kou4",
    "un": "an3",
    "un-un腳": "an3an3goek3",
    "un-un吓": "an3an3haa2",
    "un-un下": "an3an3haa5",
    "un腳": "an3goek3",
    "un身un勢": "an3san1an3sai3",
    "uncle": "ang1kou4",
    "up": "ap1",
    "update": "ap1dei1",
    "upload": "ap1lou1",
    "U凸內褲": "ju1dat6noi6fu3",
    "UFO": "ju1e1fou1",
    "USB": "ju1e1si4bi1",
    "USB記憶棒": "ju1e1si4bi1gei3jik1paang5",
    "USB手指": "ju1e1si4bi1sau2zi2",
    "UNO": "ju1en1ou1",
    "U型枕": "ju1jing4zam2",
    "U形轉彎": "ju1jing4zyun3waan1",
    "U盤": "ju1pun2",
    "vaseline": "faa1si6ling2",
    "vocab": "fou6kep1",
    "van": "wen1",
    "van仔": "wen1zai2",
    "VR": "wi1aau1",
    "V溝": "wi1kau1",
    "V領": "wi1leng5",
    "VCD": "wi1si1di1",
    "volt": "wuk1",
    "vodka": "wuk1kaa2",
    "wasabi": "waa6saa1bi4",
    "wifi": "waai1faai1",
    "wang": "wang1",
    "weng": "weng6",
    "Wet": "wet1",
    "wet": "wet1",
    "Wet場": "wet1coeng4",
    "wet場": "wet1coeng4",
    "Wet妹": "wet1mui1",
    "wet妹": "wet1mui1",
    "We哇鬼叫": "wi1waa1gwai2giu3",
    "We-We-Wet-Wet": "wi1wi1wet1wet1",
    "WeWeWetWet": "wi1wi1wet1wet1",
    "WP": "win1pei1",
    "win-place": "win1pei1",
    "wing": "wing1",
    "work": "woek1",
    "watt": "wok1",
    "wou": "wou1",
    "wouwou": "wou1wou1",
    "wowo": "wou1wou1",
    "XO": "ik1ou1",
    "X": "ik1si4",
    "X光": "ik1si4gwong1",
    "XO醬": "ik1sou1zoeng3",
    "young": "jaang1",
    "Yap": "jaap3",
    "yap": "jaap3",
    "yeah": "je1",
    "Yen": "jen1",
    "Yeast": "jit1si2",
    "Yo": "jo3",
    "yo": "jou1",
    "YouTube": "ju1tup1",
    "YouTuber": "ju1tup1baa4",
    "Y": "waai1",
    "YP仔": "waai1pi1zai2",
    "Z": "ji6set1",
    "zoom": "sum1",
    "zip": "zip4",
    "亞head": "aa3het1",
    "阿head": "aa3het1",
    "阿Q": "aa3kiu1",
    "阿Q正傳": "aa3kiu1zing3zyun6",
    "亞sir": "aa3soe4",
    "阿sir": "aa3soe4",
    "阿ger": "aa3zoe4",
    "呃like": "aak1lai1",
    "啱key": "aam1ki1",
    "巴比Q": "baa1bei2kiu1",
    "芭比Q": "baa1bei2kiu1",
    "巴X閉": "baa1ik1si4bai3",
    "巴K閉": "baa1kei1bai3",
    "巴Q閉": "baa1kiu1bai3",
    "白sai-sai": "baak6saai4saai4",
    "扮cool": "baan6ku1",
    "爆seed": "baau3sit1",
    "弊家leu": "bai6gaa1leu1",
    "扁pat-pat": "bin2pet6pet6",
    "波boot": "bo1but1",
    "背多fun": "bui3do1fan1",
    "半lang-kang": "bun3lang1keng1",
    "叉lunch": "caa1lan4cyu4",
    "踩roller": "caai2lou1laa2",
    "齊B短裙": "cai4bi1dyun2kwan4",
    "齊B小短裙": "cai4bi1siu2dyun2kwan4",
    "柒fing-fing": "cat6fing6fing6",
    "車cam": "ce1kem1",
    "扯lin旗": "ce2lin1kei4",
    "青BB": "ceng1bi1bi1",
    "吹BB": "ceoi1bi1bi1",
    "出TRIP": "ceot1cip1",
    "出cheat": "ceot1cit1",
    "出籠liu": "ceot1lung4liu1",
    "出pool": "ceot1pu1",
    "出show": "ceot1sou1",
    "青山open-day": "cing1saan1ou1pan1dei1",
    "鋤": "co4",
    "大D": "daai6di2",
    "鋤D": "co4di2",
    "坐box": "co5bok1si2",
    "唱卡啦OK": "coeng3kaa1laa1ou1kei1",
    "唱K": "coeng3kei1",
    "打boxing": "daa2bok1sing2",
    "打999": "daa2gau2gau2gau2",
    "打card": "daa2kaat1",
    "打J": "daa2zei1",
    "大M": "daai6em1",
    "大sir": "daai6soe4",
    "大V": "daai6wi1",
    "單T": "daan1ti1",
    "搭van仔": "daap3weng1zai2",
    "低B": "dai1bi1",
    "低B仔": "dai1bi1zai2",
    "等到2046": "dang2dou3ji6ling4sei3luk6",
    "對": "deoi3",
    "啲": "di1",
    "跌watt": "dit3wok1",
    "哆啦A夢": "do1laa1ei1mung6",
    "賭J": "dou2zei1",
    "賭jer": "dou2zoe1",
    "動L": "dung6eu1",
    "塊gap": "faai3gep1",
    "發T騰": "faat3ti4tang4",
    "發ti騰": "faat3ti4tang4",
    "發t籐": "faat3ti4tang4",
    "發t騰": "faat3ti4tang4",
    "分AB": "fan1ei1bi1",
    "貨van": "fo3wen1",
    "呼吸plan": "fu1kap1pat6len1",
    "符fit": "fu4fit1",
    "格格jel-jel": "gaak3gaak3zeu1zeu1",
    "夾band": "gaap3ben1",
    "搞串個party": "gaau2cyun3go3paa1ti4",
    "搞寸個party": "gaau2cyun3go3paa1ti4",
    "攪串個party": "gaau2cyun3go3paa1ti4",
    "攪寸個party": "gaau2cyun3go3paa1ti4",
    "攪gag": "gaau2gek1",
    "攪爛gag": "gaau2laan6gek1",
    "夠power": "gaau3paau1aa2",
    "夠pop": "gaau3pok1",
    "雞nan1": "gai1nan1",
    "㓤㓤friend": "gat1gat1fen1",
    "拮拮friend": "gat1gat1fen1",
    "鳩fing-fing": "gau1fing6fing6",
    "夠quali": "gau3ko1li2",
    "見board": "gin3bot1",
    "講爛gag": "gong2laan6gek1",
    "攰lai-lai": "gui6laai4laai4",
    "谷M": "guk1em1",
    "果jam": "gwo2zem1",
    "行Q開": "haang4kiu1hoi1",
    "考IQ": "haau2ai1kiu1",
    "喺": "hai2",
    "邊度": "bin1dou6",
    "起pok": "hei2pok1",
    "輕keng": "heng1keng4",
    "去hea": "heoi3he3",
    "去K": "heoi3kei1",
    "去social": "heoi3sou1sou4",
    "去soso": "heoi3sou1sou4",
    "去wet": "heoi3wet1",
    "何B仔": "ho4bi1zai2",
    "開Band": "hoi1ben1",
    "開check": "hoi1cek1",
    "開cheque": "hoi1cek1",
    "開OT": "hoi1ou1ti1",
    "開party": "hoi1paa1ti4",
    "開P": "hoi1pi1",
    "開turbo": "hoi1toe1bou2",
    "grade": "gwei1",
    "Yeah": "je1",
    "pay": "pei1",
    "空liu-liu": "hung1liu1liu1",
    "紅A": "hung4ei1",
    "紅van": "hung4wen1",
    "圈a": "hyun1ei1",
    "一筆OUT銷": "jat1bat1au1siu1",
    "一Q清袋": "jat1kiu1cing1doi2",
    "一Q清枱": "jat1kiu1cing1toi2",
    "一take過": "jat1tik1gwo3",
    "休孖day": "jau1maa1dei1",
    "郵chop": "jau4cop1",
    "有D驚": "jau5di1geng1",
    "有feel": "jau5fiu1",
    "有符fit": "jau5fu4fit1",
    "有heart": "jau5haat1",
    "有point": "jau5pon1",
    "有say": "jau5sei1",
    "有so": "jau5sou4",
    "有taste": "jau5tei1si2",
    "異維A酸": "ji6wai4ei1syun1",
    "完sem": "jyun4sem6",
    "粵B": "jyut6bi1",
    "粵C": "jyut6ci1",
    "粵D": "jyut6di1",
    "粵F": "jyut6e1fu4",
    "粵A": "jyut6ei1",
    "粵E": "jyut6ji1",
    "粵G": "jyut6zi1",
    "卡啦OK": "kaa1laa1ou1kei1",
    "卡拉OK": "kaa1laa1ou1kei1",
    "攬belt": "laam2biu1",
    "爛gag": "laan6gek1",
    "嚟M": "lai4em1",
    "甩cut": "lak1kak1",
    "甩甩cut-cut": "lak1lak1kak1kak1",
    "靚kent": "leng1keng1",
    "𡃁kent": "leng1keng1",
    "籮Pet": "lo1pet1",
    "落D": "lok6di1",
    "落Pub": "lok6pap1",
    "碌card": "luk1kaat1",
    "碌Ling": "luk1ling1",
    "碌ling": "luk1ling1",
    "綠van": "luk6wen1",
    "籠liu": "lung4liu1",
    "唔夠quali": "m4gau3ko1li2",
    "孖B": "maa1bi1",
    "孖B車": "maa1bi1ce1",
    "孖Q": "maa1kiu1",
    "孖T": "maa1ti1",
    "麻Q煩": "maa4kiu1faan4",
    "買full鐘": "maai5fu1zung1",
    "民族LOOK": "man4zuk6luk1",
    "美國51區": "mei5gwok3ng5jat1keoi1",
    "冇符fit": "mou5fu4fit1",
    "冇啦lun": "mou5laa1lang3",
    "冇mood": "mou5mut1",
    "冇point": "mou5pon1",
    "冇say": "mou5sei1",
    "淋bat-bat": "nam4bet6bet6",
    "女keeper": "neoi2ki1paa2",
    "啱feel": "ngaam1feel",
    "奀chichi": "ngan1ci1ci1",
    "我": "ngo5",
    "昂坪360": "ngong4ping4saam1luk6ling4",
    "戇dog-dog": "ngong6dok1dok1",
    "戇qq": "ngong6kiu1kiu1",
    "柯P": "o1pi1",
    "派grade": "paai3gwei1",
    "劈K": "pek3kei1",
    "蒲bar": "pou4baa1",
    "蒲D一族": "pou4di1jat1zuk6",
    "沙pok": "saa1pok1",
    "沙pop": "saa1pok1",
    "嘥gas": "saai1ge1si2",
    "三P": "saam1pi1",
    "三C": "saam1si1",
    "三T": "saam1ti1",
    "刪post": "saan1pou1",
    "散band": "saan3ben1",
    "生cancer": "saang1ken1saa2",
    "細N": "sai3en1",
    "心up": "sam1ngap1",
    "新beyond": "san1bi6jon1",
    "十四K": "sap6sei3kei1",
    "實Q": "sat6kiu1",
    "蛇gwe": "se4gwe1",
    "死lur冇用": "sei2loe2mou5jung6",
    "石Q": "sek6kiu1",
    "士die佬": "si6daai1lou2",
    "識do": "sik1du1",
    "食": "sik6",
    "人": "jan4",
    "骨": "gwat1",
    "食mum-mum": "sik6mam1mam1",
    "食mon-mon": "sik6mung1mung1",
    "食port": "sik6pot1",
    "食tea": "sik6ti1",
    "傻B": "so4bi1",
    "傻X": "so4caa1",
    "傻gap": "so4gep1",
    "騷quali": "sou1ko1li2",
    "掃chord": "sou3kot1",
    "鬆pat-pat": "sung1pat6pat6",
    "船P": "syun4pi1",
    "撻Q": "taat3kiu1",
    "吞pop": "tan1pok1",
    "騰訊QQ": "tang4seon3kiu1kiu1",
    "跳over": "tiu3ou1faa4",
    "條條fing": "tiu4tiu2fing6",
    "玩串個party": "waan2cyun3go3paa1ti1",
    "玩SM": "waan2e1sem1",
    "玩LINE": "waan2laai1",
    "搵人唱卡拉OK": "wan2jan4coeng3kaa1laa1ou1kei1",
    "揸fit": "zaa1fit1",
    "揸fit人": "zaa1fit1jan4",
    "揸lift人": "zaa1lip1jaa4",
    "齋talk": "zaai1tok1",
    "真人show": "zan1jan4sou1",
    "隻dup": "zek3dap1",
    "隻": "zek3",
    "至IN": "zi3jin1",
    "自high": "zi6haai1",
    "自po": "zi6pou1",
    "煎pan": "zin1pen1",
    "接job": "zip3zop1",
    "照X光": "ziu3ik1si4gwong1",
    "做lab": "zou6lep1",
    "做part-time": "zou6paat1taai1",
    "做PR": "zou6pi1aa1lou4",
    "做show": "zou6sou3",
    "做gym": "zou6zi1waai1em1",
    "中途轉gay": "zung1tou4zyun3gei1",
    "中三T": "zung3saam1ti1",
    "豬仔Plan": "zyu1zai2pat6len1"
}